date,Pigeon Island,Royal Botanical Gardens,Hanthana Mountain Range,Weligama Surf Break,Ravana Falls,Adisham Bungalow,Yala National Park,Minneriya National Park,Nilaveli Beach,Temple of the Tooth,Galle Fort,Mirissa Whale Watching,Hiriwadunna Village Trek,Diyaluma Falls,Pidurangala Rock,Moon Plains,Wilpattu National Park,Sembuwatta Lake,Delft Island,Madol Doova,Ritigala Forest Monastery,Koggala Lake Safari,Bahirawakanda Buddha,Casuarina Beach,Strawberry Farm Visit,Yapahuwa Rock Fortress,Jaffna Fort,Bambarakanda Falls,Kelaniya Raja Maha Vihara,Unawatuna Jungle Beach,Nallur Kandaswamy Kovil,Pasikudah Beach,Jaffna Public Library,Gregory Lake,Galle Face Green,Sinharaja Forest Reserve,Hikkaduwa Coral Reef,Parakrama Samudra,Dambulla Cave Temple,Muthurajawela Wetland,Rose Quartz Mountain,Nine Arches Bridge,Pedro Tea Estate,Ambuluwawa Tower,Embekke Devalaya,St. Clair's Falls,Gangaramaya Temple,Riverston Gap,Elephant Rock,Hakgala Botanical Garden,Mihintale,Coconut Tree Hill,Nagadeepa Vihara,Victoria Park,Kumana Bird Sanctuary,Lipton's Seat,Lotus Tower,Ella Rock Hike,Trincomalee Harbour,Point Pedro,Kandy Lake Stroll,Horton Plains,Sea Turtle Hatchery,Anuradhapura Sacred City,Old Dutch Hospital,Japanese Peace Pagoda,Little Adam's Peak,Arugam Bay,Udawalawe National Park,Independence Square,Koneswaram Temple,Ceylon Tea Museum,Sigiriya Lion Rock,Kitulgala Rafting,Mount Lavinia Beach,Avukana Buddha Statue,Marble Beach,Polonnaruwa Ruins,Udawattekele Sanctuary,Negombo Fish Market
2020-12-27,0,0,0,0,0,0,35,0,0,0,17,0,0,0,0,0,0,0,0,0,0,0,0,0,0,0,0,0,0,0,0,0,0,0,0,0,0,0,0,0,0,0,0,0,0,0,0,0,0,0,0,0,0,0,0,0,6,0,0,0,0,11,0,0,0,0,0,4,0,0,0,0,0,0,100,0,0,0,0,0
2021-01-03,0,0,0,0,0,0,0,0,0,0,17,0,0,0,0,0,0,0,0,0,0,0,0,0,0,0,0,0,0,0,0,0,0,0,0,41,0,0,0,0,0,0,0,0,0,0,0,0,0,0,14,40,0,0,0,0,0,0,0,0,0,0,0,0,0,0,0,4,0,0,0,0,0,0,0,0,0,0,0,0
2021-01-10,37,0,0,0,0,0,0,0,0,0,11,0,0,0,0,0,0,0,0,0,0,0,0,0,0,0,0,0,0,0,0,0,0,0,0,0,0,0,0,0,0,0,0,0,0,0,0,0,0,0,0,0,15,0,0,0,0,0,0,0,0,11,0,0,0,0,0,4,0,0,0,0,0,0,0,0,0,0,0,0
2021-01-17,0,0,0,0,0,0,0,0,0,0,19,0,0,0,0,0,0,0,0,0,0,0,0,0,0,0,0,0,0,0,0,0,0,0,0,0,0,0,0,0,0,0,0,0,0,0,0,0,0,0,17,0,0,0,0,0,0,0,0,0,0,0,0,0,0,0,0,3,0,0,0,0,0,0,0,0,0,0,0,0
2021-01-24,0,0,0,0,0,0,21,0,0,0,12,0,0,0,0,0,0,0,0,0,0,0,0,0,0,0,0,0,0,0,0,0,0,0,0,0,0,0,0,0,0,0,0,0,0,0,0,0,0,0,15,0,0,0,0,0,0,0,0,6,0,14,0,0,0,0,0,4,0,4,0,0,0,0,0,0,0,0,0,0
2021-01-31,0,0,0,0,0,0,0,0,0,0,23,0,0,0,0,0,0,0,0,51,0,0,0,0,0,0,0,0,0,0,0,0,0,0,0,0,0,0,0,0,0,0,0,0,0,0,0,0,0,0,0,0,0,0,0,0,0,0,0,0,0,0,0,0,0,0,0,5,0,6,0,0,0,0,66,0,0,0,0,0
2021-02-07,0,0,0,0,0,0,0,0,28,0,23,0,0,0,0,0,0,0,0,0,0,0,0,0,0,0,0,0,0,0,0,0,0,0,0,0,0,0,0,0,0,0,0,0,0,0,0,0,0,0,0,0,0,0,0,0,0,0,0,0,0,0,0,0,0,0,0,4,0,0,0,0,0,0,0,0,80,0,0,0
2021-02-14,0,0,0,0,0,0,27,0,0,26,23,0,0,0,0,0,0,0,0,0,0,0,0,0,0,0,0,0,0,0,0,0,0,0,0,0,0,0,0,0,0,0,0,0,0,0,0,0,0,0,0,0,0,0,0,0,0,0,0,0,0,16,0,0,0,0,0,5,0,0,0,0,0,0,58,0,0,0,0,0
2021-02-21,0,0,0,0,0,0,22,0,29,0,25,0,0,0,0,0,83,0,0,0,0,0,0,0,0,0,0,0,0,0,0,0,0,0,0,0,0,0,0,0,0,0,0,0,0,0,0,37,0,0,0,0,0,0,0,0,0,0,0,0,0,19,0,0,0,0,0,6,0,0,0,0,0,0,0,0,0,0,0,0
2021-02-28,0,0,0,0,0,0,22,0,0,0,21,0,0,0,0,0,0,0,0,0,0,0,0,0,0,0,0,0,0,0,0,0,0,0,0,0,0,0,0,0,0,0,0,0,0,0,0,0,0,0,21,0,0,0,0,0,5,0,0,0,0,12,0,0,0,0,0,7,0,0,0,0,0,0,0,0,0,0,0,0
2021-03-07,0,0,0,0,0,0,32,0,0,0,31,0,0,0,0,0,0,0,0,0,0,0,0,0,0,0,0,0,0,0,0,0,0,0,0,0,0,0,0,0,0,0,0,32,0,0,0,0,0,0,0,0,0,0,0,0,0,0,0,0,0,11,0,0,0,0,0,6,0,4,0,0,0,0,56,0,0,0,0,0
2021-03-14,0,0,0,0,0,0,19,0,24,0,28,0,0,0,0,0,0,0,0,0,0,0,0,0,0,0,0,0,0,0,0,0,0,0,0,0,0,0,0,0,0,0,0,0,0,0,0,0,0,0,0,0,0,0,0,0,0,0,0,5,0,16,0,0,0,0,0,9,0,0,0,0,0,0,0,0,0,0,0,0
2021-03-21,0,0,0,0,0,0,25,0,33,0,30,0,0,0,0,0,0,0,0,0,0,0,0,0,0,0,66,0,0,0,0,0,0,46,0,0,0,0,0,0,0,0,0,0,0,0,0,0,0,0,0,0,0,0,0,0,0,0,0,7,0,14,0,0,0,0,0,8,0,3,0,0,0,0,0,0,0,0,0,0
2021-03-28,0,0,0,0,0,22,27,0,33,0,25,0,0,0,0,0,55,0,0,0,82,0,0,0,0,0,0,0,0,0,0,0,0,45,0,0,0,0,0,0,0,0,0,0,0,0,0,0,0,0,0,0,0,0,0,0,5,0,0,0,0,26,0,0,0,0,0,10,0,0,0,0,0,0,0,0,0,0,0,0
2021-04-04,47,0,0,0,0,0,25,0,27,0,29,0,0,0,0,0,0,0,0,0,0,0,0,0,0,0,0,0,0,0,0,0,0,0,0,0,0,0,0,0,0,0,0,0,0,0,0,0,0,0,21,0,0,0,0,0,0,0,0,0,0,18,0,0,0,0,0,12,0,0,0,0,0,0,0,0,0,0,0,0
2021-04-11,99,0,0,0,0,49,48,0,77,0,33,0,0,0,0,100,0,0,0,0,0,0,0,0,0,0,0,0,0,0,0,0,0,0,0,0,0,0,0,0,0,0,0,64,0,0,0,0,0,0,20,0,0,0,0,0,0,0,0,6,0,17,0,0,0,0,4,21,0,0,0,0,0,0,0,0,0,0,0,0
2021-04-18,57,0,0,0,0,0,0,0,23,0,23,0,0,0,0,0,0,0,0,0,0,0,0,0,0,0,0,0,0,0,0,0,0,0,0,0,0,0,0,0,0,0,0,0,0,0,0,0,0,0,19,0,0,0,0,0,5,0,0,0,0,20,0,0,0,0,0,6,0,0,0,0,0,0,0,0,62,0,0,0
2021-04-25,0,0,0,0,0,0,0,0,0,0,7,0,0,0,0,57,0,0,0,0,0,0,0,0,0,0,0,0,0,0,0,0,0,0,0,0,0,0,0,0,0,0,0,0,0,0,0,0,0,0,0,0,0,0,0,0,0,0,0,0,0,0,0,0,0,0,0,3,0,0,0,0,0,0,51,0,0,0,0,0
2021-05-02,0,0,0,0,0,0,0,0,0,0,0,0,0,0,0,0,0,0,0,0,0,0,0,0,0,0,0,0,0,0,0,0,0,0,0,0,0,0,0,0,0,0,0,0,0,0,0,0,0,0,0,0,0,0,0,0,0,0,0,5,0,0,0,0,0,0,0,3,0,3,0,0,0,0,0,0,0,0,0,0
2021-05-09,0,0,0,0,0,0,19,0,0,0,9,0,0,0,0,0,0,0,0,0,0,0,0,0,0,0,0,0,0,0,0,0,0,0,0,0,0,0,0,0,0,0,0,0,0,0,0,0,0,0,0,0,0,0,0,0,0,0,0,5,0,0,0,0,0,0,0,0,0,0,0,0,0,0,0,0,0,0,0,0
2021-05-16,0,0,0,0,0,0,0,0,0,0,12,0,0,0,0,0,0,0,0,0,0,0,0,0,0,0,0,0,0,0,0,0,0,0,0,0,0,0,0,0,0,0,0,0,0,0,0,0,0,0,0,0,0,0,0,0,0,0,0,0,0,0,0,0,0,0,0,0,0,0,0,0,0,0,0,0,0,0,0,0
2021-05-23,0,0,0,0,0,0,0,0,0,0,0,0,0,0,0,0,0,0,0,0,0,0,0,0,0,0,0,0,0,0,0,0,0,0,0,0,0,0,0,0,0,0,0,0,0,0,0,0,0,0,0,0,0,0,0,0,0,0,0,0,0,0,0,0,0,0,0,0,0,0,0,0,0,0,0,76,0,0,0,0
2021-05-30,0,0,0,0,0,0,0,0,0,0,0,0,0,0,0,0,0,0,0,0,0,0,0,0,0,0,71,0,0,0,0,0,0,0,0,0,0,0,0,0,0,0,0,0,0,0,0,0,0,0,0,0,0,0,0,0,0,0,0,0,0,0,0,0,0,0,0,3,0,0,0,0,0,0,0,0,0,0,0,0
2021-06-06,0,0,0,0,0,0,0,0,0,0,0,0,0,0,0,0,0,0,0,0,0,0,0,0,0,0,0,0,0,0,0,0,0,0,0,0,0,0,0,0,0,0,0,0,0,0,0,0,0,0,21,0,0,0,0,0,0,0,0,0,0,0,0,0,0,0,0,0,0,0,0,0,0,0,0,0,0,0,0,0
2021-06-13,0,0,0,0,0,0,0,0,0,0,0,0,0,0,0,0,0,0,0,0,0,0,0,0,0,0,0,0,0,0,0,0,0,0,0,0,0,0,0,0,0,0,0,29,0,0,0,0,0,0,25,0,0,0,0,0,0,0,0,0,0,0,0,0,0,0,0,0,0,0,0,0,0,0,0,0,0,0,0,0
2021-06-20,0,0,0,0,0,0,0,0,0,0,7,0,0,0,0,0,0,0,0,0,0,0,0,0,0,0,0,0,0,0,0,0,0,0,0,0,0,0,0,0,0,0,0,0,0,0,0,0,0,0,62,0,0,0,0,0,0,0,0,0,0,0,0,0,0,0,0,3,0,0,0,0,0,0,0,0,0,0,0,0
2021-06-27,0,0,0,0,0,0,0,0,0,17,10,0,0,0,0,0,0,0,0,0,0,0,0,0,0,0,0,0,0,0,0,0,0,0,0,0,0,0,0,0,0,0,0,0,0,0,0,0,0,0,16,0,0,0,0,0,0,0,0,0,0,0,0,0,0,0,0,0,0,0,0,0,0,0,0,0,0,0,0,0
2021-07-04,0,0,0,0,0,0,0,0,0,0,9,0,0,0,0,0,0,0,0,0,0,0,0,0,0,0,0,0,0,0,0,0,0,0,0,0,0,0,0,0,0,0,0,0,0,0,0,0,0,0,17,0,0,0,0,0,0,0,0,0,0,0,0,0,0,0,0,0,0,0,0,0,0,0,0,0,0,0,0,0
2021-07-11,0,0,0,0,0,0,0,0,0,0,13,0,0,0,0,0,0,0,0,0,0,0,0,0,0,0,0,0,0,0,0,0,0,0,0,0,0,0,0,0,0,0,0,0,0,0,0,0,0,0,16,0,0,0,0,0,0,0,0,0,0,11,0,0,0,0,0,18,0,0,0,0,0,0,0,0,0,0,0,0
2021-07-18,0,0,0,0,0,0,0,0,0,0,9,0,0,0,0,0,0,0,0,0,0,0,0,0,0,0,0,0,0,0,0,0,0,0,0,0,0,0,0,0,0,0,0,0,0,0,0,0,0,0,0,0,0,0,0,0,0,0,0,0,0,11,0,0,0,0,0,6,0,0,0,0,0,0,59,0,0,0,0,0
2021-07-25,0,0,0,0,0,0,0,0,0,0,9,0,0,7,0,0,0,0,0,0,0,0,0,0,0,0,61,0,0,0,0,0,0,0,0,0,0,0,0,0,0,0,0,0,0,0,0,0,0,41,0,0,0,0,0,0,0,0,0,0,0,0,0,0,0,0,0,5,0,3,0,0,0,0,0,0,0,0,0,0
2021-08-01,0,0,0,0,0,0,0,0,0,0,13,0,0,0,0,0,0,0,0,0,0,0,0,0,0,0,0,0,0,0,0,41,0,0,0,0,0,0,0,0,0,0,0,0,0,31,38,0,0,0,19,0,0,0,0,0,0,0,0,0,0,0,0,0,0,0,0,3,0,0,0,0,0,0,0,0,0,0,0,0
2021-08-08,0,0,0,0,0,0,0,0,0,19,8,0,0,0,0,0,0,0,0,0,0,0,0,0,0,0,0,0,0,0,0,0,0,0,0,0,0,0,0,0,0,0,0,0,0,0,0,0,0,0,14,0,0,0,0,0,0,0,0,0,0,0,0,0,0,0,0,5,0,0,0,0,0,0,0,0,0,0,0,0
2021-08-15,0,0,0,0,0,0,0,0,0,0,0,0,0,0,0,0,0,0,0,0,0,0,0,0,0,0,0,0,0,0,0,0,0,0,0,0,0,0,0,0,0,0,0,0,0,0,0,0,0,0,0,0,0,0,0,0,0,0,0,6,0,10,0,0,0,0,0,0,0,0,0,0,0,0,0,0,0,0,0,0
2021-08-22,0,0,0,0,0,0,0,0,0,0,9,0,0,9,0,0,0,0,0,0,0,0,0,0,0,0,0,0,0,0,0,0,0,0,0,0,0,0,0,0,0,0,0,0,0,0,0,0,0,0,0,0,0,0,0,0,0,0,0,0,0,0,0,0,0,0,0,4,0,0,0,0,0,0,0,0,0,0,0,0
2021-08-29,0,0,0,0,0,0,21,0,0,0,8,0,0,0,0,0,0,0,0,0,0,0,0,0,0,0,0,0,0,0,0,0,0,0,0,0,0,0,0,0,0,0,0,0,0,0,0,0,0,0,0,0,0,0,0,0,0,0,0,0,0,0,0,0,0,0,0,0,0,0,0,0,0,0,0,0,0,0,0,0
2021-09-05,0,0,0,0,0,0,0,0,0,0,10,0,0,0,0,0,0,0,0,0,0,0,0,0,0,0,0,0,0,0,0,0,0,0,0,0,0,0,0,0,0,0,0,0,0,0,0,0,0,0,0,0,0,0,0,0,0,0,0,0,0,0,0,0,0,0,0,0,0,0,0,0,0,0,0,0,0,0,0,0
2021-09-12,0,0,0,0,34,0,0,0,0,0,11,0,0,0,0,0,0,0,0,0,0,0,0,0,0,0,0,0,0,0,0,0,0,0,0,0,0,0,0,0,0,0,0,0,0,0,0,0,0,0,0,0,0,0,0,0,0,0,0,0,0,0,0,0,0,0,0,0,0,0,0,0,0,0,0,0,0,0,0,0
2021-09-19,48,0,0,0,0,0,0,0,0,0,0,0,0,0,0,0,0,0,0,0,0,0,0,0,0,0,0,0,0,0,0,0,0,0,0,0,0,0,0,0,0,0,0,0,0,0,0,0,0,0,0,0,0,0,0,0,0,0,0,0,0,0,0,0,0,0,0,6,0,0,0,0,0,0,0,0,0,0,0,0
2021-09-26,0,0,0,0,0,0,0,0,0,0,10,0,0,0,0,0,0,0,0,0,0,0,0,0,0,0,0,0,0,0,0,0,0,0,0,0,0,0,0,0,0,0,0,0,0,0,0,0,0,0,0,0,0,0,0,0,0,0,0,0,0,0,0,0,0,0,0,4,0,0,0,0,0,0,0,0,0,0,0,0
2021-10-03,0,0,0,0,0,0,31,0,0,0,10,0,0,0,0,0,0,0,0,0,0,0,0,0,0,0,0,0,0,0,0,0,0,0,0,0,0,0,0,0,0,0,0,0,0,0,0,0,0,0,0,0,15,0,0,0,0,0,0,0,0,0,0,0,0,0,0,4,0,0,0,0,0,0,0,0,0,0,0,0
2021-10-10,0,0,0,0,0,0,0,0,21,0,19,0,0,0,0,0,0,0,0,0,0,0,0,0,0,0,0,0,0,0,0,0,0,0,0,0,0,0,0,0,0,0,0,0,0,0,0,0,0,0,18,0,0,0,0,0,0,0,0,0,0,15,0,0,0,0,0,7,0,0,0,0,0,0,0,0,62,0,0,0
2021-10-17,0,0,0,0,0,31,0,0,21,0,18,0,0,0,0,0,0,0,0,0,0,0,0,0,0,0,0,0,0,0,0,0,0,0,0,0,0,0,0,0,0,0,0,0,0,0,35,0,0,0,17,0,0,0,0,0,0,0,0,0,0,18,0,0,0,0,0,7,0,0,0,0,0,0,58,0,0,0,0,0
2021-10-24,0,0,0,0,0,0,0,0,0,0,17,0,0,8,0,0,0,0,0,0,0,0,0,0,0,0,0,0,0,0,0,0,0,0,0,0,0,0,0,0,0,0,0,0,0,0,0,0,0,0,15,0,0,16,0,0,0,0,0,0,0,0,0,0,0,0,0,5,0,0,0,0,0,0,70,0,0,0,0,0
2021-10-31,0,0,0,0,0,0,33,20,26,0,23,0,0,0,0,0,0,0,0,57,0,0,0,0,0,0,0,0,0,0,0,0,0,0,0,0,0,0,0,0,0,0,0,0,0,0,0,0,0,0,0,0,0,0,0,0,0,0,0,0,0,0,0,0,0,0,0,6,0,0,0,0,0,0,54,0,0,0,0,0
2021-11-07,36,0,0,0,0,0,38,0,26,0,26,0,0,0,0,0,0,0,0,0,0,0,0,0,0,0,0,0,0,0,0,0,0,0,0,0,0,0,0,0,0,0,0,0,0,0,0,0,0,0,21,0,0,0,0,0,0,0,0,6,0,15,0,0,0,0,0,4,0,0,0,0,0,0,0,0,0,0,0,0
2021-11-14,0,0,0,0,0,23,23,0,32,0,24,0,0,0,0,0,0,0,0,0,0,0,0,0,0,0,0,0,0,0,0,0,0,0,0,0,0,0,0,0,0,0,0,0,0,0,0,0,0,0,16,0,0,0,0,0,0,0,0,6,0,0,0,0,0,0,0,8,0,0,0,0,0,0,0,0,0,0,0,0
2021-11-21,0,0,0,0,0,0,27,0,0,0,28,0,0,0,0,0,0,0,0,0,0,0,0,0,0,0,0,0,0,0,0,0,0,0,0,0,0,0,0,0,0,0,0,0,0,0,0,0,0,0,0,0,0,0,0,0,0,0,0,6,0,13,0,0,0,0,0,5,0,0,0,0,0,0,62,0,0,0,0,0
2021-11-28,43,0,0,0,0,0,25,0,0,0,32,0,0,0,0,0,0,0,0,0,0,0,0,0,0,0,0,0,0,0,0,0,0,0,0,0,0,0,0,0,0,0,0,0,0,0,0,0,0,0,26,0,0,0,0,0,7,0,0,7,0,15,0,0,0,0,0,6,0,3,0,0,0,0,0,0,0,0,0,0
2021-12-05,0,0,0,0,0,0,33,0,0,0,28,0,0,0,0,0,0,0,0,0,0,0,0,0,0,0,0,0,0,0,0,0,0,0,0,0,0,0,0,0,0,0,0,0,0,0,0,0,0,0,16,0,0,0,0,0,5,0,0,0,0,15,0,0,0,0,0,5,0,3,0,0,0,0,0,0,87,0,0,0
2021-12-12,38,0,0,0,0,25,39,0,0,0,37,0,0,0,0,0,0,0,0,0,0,0,0,0,0,0,0,0,0,0,0,0,0,44,0,0,0,0,0,0,0,0,0,0,0,0,41,0,0,0,0,0,0,0,0,0,5,0,0,9,0,24,0,0,0,0,0,11,0,0,0,0,0,0,60,0,0,0,0,0
2021-12-19,50,0,0,0,0,24,45,0,0,24,52,0,0,0,0,0,0,0,0,0,0,0,0,0,0,0,0,0,0,0,0,0,0,0,54,0,0,0,0,0,0,0,0,0,0,0,0,0,0,0,18,0,0,0,0,0,9,0,0,8,0,18,0,0,0,0,0,11,0,0,0,0,0,0,96,0,0,0,0,0
2021-12-26,53,0,0,0,0,21,51,0,38,0,48,10,0,0,0,70,0,0,0,0,0,0,0,0,0,0,82,0,0,0,0,0,0,51,0,0,0,0,0,0,0,0,0,0,0,0,0,0,0,0,21,0,0,0,0,0,11,0,0,0,0,19,0,0,0,0,0,11,0,4,0,0,0,0,89,0,0,0,0,0
2022-01-02,0,0,0,0,0,0,59,0,28,38,47,7,0,9,8,0,0,0,0,0,0,0,0,0,0,0,0,0,0,0,0,0,0,37,0,0,0,0,45,0,0,0,0,0,0,0,0,0,0,0,24,0,0,0,0,0,5,0,0,10,0,27,0,0,0,0,0,11,0,0,0,0,0,0,0,0,0,0,0,0
2022-01-09,42,0,0,0,0,26,49,0,37,20,42,9,0,0,0,48,0,0,0,0,0,0,0,0,0,0,0,0,0,0,0,0,0,39,0,0,0,0,0,0,0,0,0,39,0,0,0,0,0,0,27,0,0,0,0,0,8,0,0,7,0,32,0,0,0,0,0,12,4,0,54,0,0,0,92,0,84,0,0,0
2022-01-16,0,0,0,0,0,21,51,0,0,32,50,0,0,0,0,82,0,62,0,0,0,0,0,0,0,0,79,0,0,0,0,0,0,0,0,46,0,0,0,0,0,0,0,33,0,0,0,0,0,0,17,0,0,0,0,0,5,0,0,7,0,29,0,0,0,0,0,12,3,0,0,0,0,0,66,0,0,0,0,0
2022-01-23,0,0,0,0,0,19,34,0,28,20,33,7,0,0,0,0,0,0,0,0,0,0,0,0,0,0,52,0,0,0,0,0,0,0,0,0,0,0,0,0,0,0,0,52,0,0,0,0,0,0,22,0,0,0,0,0,0,0,0,4,0,15,0,0,0,0,0,8,3,0,0,0,0,0,63,0,0,0,0,0
2022-01-30,55,0,0,0,0,0,46,0,28,36,41,0,0,0,0,42,0,0,0,0,0,0,0,0,0,0,0,0,0,0,0,0,0,48,0,0,0,0,0,0,0,0,0,0,0,0,30,0,0,0,24,0,0,0,0,0,5,0,0,9,0,25,0,0,0,0,0,9,3,4,0,0,0,0,57,0,76,0,0,0
2022-02-06,37,0,0,0,0,0,47,0,34,28,33,0,0,0,0,57,0,0,0,0,0,0,0,0,0,0,0,0,0,0,0,0,0,0,0,0,0,0,37,0,0,0,0,0,0,0,27,0,0,0,20,0,0,0,0,0,4,0,0,9,0,20,0,0,0,0,0,10,0,3,0,0,0,48,50,0,71,0,0,63
2022-02-13,53,0,0,0,0,16,62,0,26,25,37,9,0,7,0,0,34,0,35,0,0,0,0,0,0,0,45,0,0,47,0,0,0,0,0,0,0,0,39,0,0,0,0,55,0,0,39,0,0,26,24,0,0,0,0,0,6,0,0,7,0,32,0,0,0,0,0,10,5,3,0,0,0,35,60,0,39,0,0,0
2022-02-20,26,0,0,0,0,0,57,19,30,12,38,9,0,0,0,58,30,0,33,0,0,0,0,0,0,0,54,0,0,0,0,0,0,40,0,0,0,0,23,0,0,0,0,100,0,0,0,0,0,0,20,0,0,0,0,0,5,0,0,5,0,26,0,0,0,0,2,10,0,3,0,0,0,0,71,0,0,0,0,0
2022-02-27,66,0,0,0,0,0,50,14,31,21,38,6,0,0,5,40,0,0,39,0,0,0,0,0,0,0,40,0,0,0,0,0,0,0,0,0,0,0,26,0,0,0,0,42,0,0,0,0,0,0,26,10,0,0,0,0,4,0,0,10,0,28,0,0,0,0,0,7,3,0,0,0,0,0,74,0,0,0,0,0
2022-03-06,36,0,0,0,23,0,44,0,32,39,44,7,0,5,7,37,53,0,29,0,0,0,0,0,0,0,64,0,0,0,0,0,0,0,0,0,0,0,33,0,0,0,0,0,0,0,0,0,0,0,20,0,0,0,0,0,6,0,0,8,0,25,0,0,0,0,0,9,2,3,0,0,0,0,57,0,0,0,0,0
2022-03-13,31,0,0,0,0,18,57,14,35,30,45,7,0,5,7,0,0,0,0,0,0,0,0,0,0,0,64,0,0,0,0,0,0,0,0,0,0,0,25,0,0,30,0,0,0,0,25,0,0,0,25,0,0,0,0,0,4,0,0,4,0,25,0,0,0,0,3,9,3,2,0,0,0,0,51,0,56,0,0,0
2022-03-20,31,0,0,0,0,0,43,0,25,18,41,5,0,0,0,0,0,0,0,0,0,0,0,0,0,0,0,0,0,0,0,0,0,0,0,0,0,0,25,0,0,0,0,0,0,0,20,0,0,0,23,0,0,11,0,0,8,0,0,6,0,20,0,0,0,0,3,6,4,0,0,0,0,0,70,0,0,0,0,0
2022-03-27,24,0,0,0,0,0,36,0,12,12,37,4,0,0,0,0,0,0,0,0,0,0,0,0,0,0,39,0,0,0,0,0,0,28,0,0,0,0,22,0,0,0,0,20,0,0,0,0,0,0,26,0,0,0,0,0,6,0,0,6,0,18,0,0,0,0,0,7,2,3,0,0,0,0,51,0,0,0,0,0
2022-04-03,0,0,0,0,0,0,37,0,24,14,25,5,0,4,5,0,0,0,0,0,0,0,0,0,0,0,0,0,0,0,0,0,0,0,0,0,0,0,24,0,0,0,0,18,0,0,0,0,0,0,17,0,0,0,0,0,4,0,0,6,0,14,0,0,0,0,0,8,0,4,0,0,0,0,38,0,0,0,0,0
2022-04-10,39,0,0,0,0,0,37,0,39,0,47,0,0,0,6,0,0,0,0,0,0,0,0,0,0,0,44,0,0,0,0,0,0,32,32,0,0,0,0,0,0,0,0,24,0,0,0,0,0,0,21,0,0,11,0,0,0,0,0,12,0,19,0,0,0,0,0,15,3,3,0,0,0,0,81,0,0,0,0,0
2022-04-17,0,0,0,0,0,0,30,0,13,13,27,0,0,0,0,0,0,0,0,0,0,0,0,0,0,0,0,0,0,0,0,0,0,0,0,0,0,0,24,0,0,0,0,0,0,0,0,0,0,0,10,0,0,0,0,0,3,0,0,8,0,7,0,0,0,0,0,9,0,2,0,0,0,0,68,0,37,0,0,0
2022-04-24,19,0,0,0,0,0,27,17,14,0,33,0,0,6,0,0,0,0,0,0,0,0,0,0,0,0,0,0,0,0,0,0,0,0,0,0,0,0,0,0,0,0,0,0,0,0,0,0,0,0,14,0,0,0,0,0,5,0,0,6,0,12,0,0,0,0,0,9,2,3,0,0,0,0,76,0,0,0,0,0
2022-05-01,19,0,0,0,0,13,19,0,18,12,29,0,0,0,0,35,0,0,0,0,0,0,0,0,0,35,0,0,0,0,0,0,0,0,0,0,0,0,0,0,0,0,0,0,0,0,0,0,0,0,13,0,0,0,0,0,5,0,0,6,0,10,0,0,0,0,0,12,0,0,0,0,0,0,57,0,0,0,0,0
2022-05-08,22,0,0,0,0,0,17,0,19,0,20,0,0,0,0,0,0,0,0,0,0,0,0,0,0,0,0,0,0,0,0,0,0,0,0,0,0,0,0,0,0,0,0,0,0,0,0,0,0,0,14,0,0,0,0,0,0,0,0,0,0,7,0,0,0,0,0,14,0,0,0,0,0,0,35,0,0,0,0,0
2022-05-15,0,0,0,0,0,0,18,0,0,12,24,0,0,0,0,0,0,0,0,0,0,0,0,0,0,0,0,0,0,0,0,0,0,0,0,0,0,0,0,0,0,0,0,0,0,0,0,0,0,0,20,0,0,0,0,0,4,0,0,4,0,0,0,0,0,0,0,7,0,0,0,0,0,0,39,0,0,0,0,0
2022-05-22,0,0,0,0,0,12,12,0,0,13,30,0,0,0,0,0,0,0,0,0,0,0,0,0,0,0,0,0,0,0,0,0,0,0,0,0,0,0,0,0,0,0,0,0,0,0,0,0,0,0,25,0,0,0,0,0,0,0,0,5,0,8,0,0,0,0,0,9,0,0,0,0,0,0,36,0,0,0,0,0
2022-05-29,0,0,0,0,0,0,13,0,14,0,29,0,0,5,0,34,0,0,0,0,0,0,0,0,0,0,0,0,0,0,0,0,0,0,0,0,0,0,0,0,0,0,0,0,0,0,0,0,0,0,21,0,0,0,0,0,5,0,0,8,0,0,0,0,0,0,0,11,0,2,0,0,0,0,51,0,0,0,0,0
2022-06-05,0,0,0,0,0,14,0,0,0,0,29,0,0,0,0,0,0,0,0,0,0,0,0,0,0,0,0,0,0,0,0,0,0,0,0,0,0,0,0,0,0,0,0,0,0,0,0,0,0,0,30,0,0,0,0,0,0,0,0,4,0,12,0,0,0,0,0,10,0,3,0,0,0,0,0,0,0,0,0,0
2022-06-12,26,0,0,0,0,0,25,0,19,0,28,0,0,0,0,0,0,0,0,0,0,0,0,0,0,0,0,0,0,0,0,0,0,27,0,0,0,0,25,0,0,0,0,0,0,0,0,0,0,0,61,0,0,10,0,0,0,0,0,6,0,0,0,0,7,0,0,9,0,2,0,0,0,0,55,0,47,0,0,0
2022-06-19,0,0,0,0,0,0,0,0,19,14,27,0,0,0,0,0,0,0,0,0,0,0,0,0,0,0,53,0,0,0,0,0,0,0,0,0,0,0,0,0,0,0,0,0,0,0,0,0,0,0,24,0,0,0,0,0,4,0,0,4,0,8,0,0,0,0,0,9,0,2,0,0,0,0,0,0,0,0,0,0
2022-06-26,0,0,0,0,0,0,17,0,0,0,33,0,0,0,0,0,0,0,0,0,0,0,0,0,0,0,0,0,0,0,0,0,0,0,0,0,0,0,0,0,0,0,0,0,0,0,0,0,0,0,14,0,0,0,0,0,4,0,0,5,0,0,0,0,0,0,0,5,0,0,0,0,0,0,44,0,0,0,0,0
2022-07-03,0,0,0,0,0,0,0,0,0,0,26,0,0,0,0,0,0,0,0,31,0,0,0,0,0,0,0,0,0,0,0,0,0,0,0,0,0,0,0,0,0,0,0,0,0,0,0,0,0,0,13,0,0,0,0,0,3,0,0,7,0,10,0,0,0,0,0,7,0,0,0,0,0,0,35,0,0,0,0,0
2022-07-10,0,0,0,0,0,0,0,0,16,0,32,0,0,0,0,0,0,0,0,0,0,0,0,0,0,0,0,0,0,0,0,0,0,0,0,0,0,0,0,0,0,0,0,0,0,0,0,0,0,0,17,0,0,0,0,0,0,0,0,5,0,0,0,0,0,0,0,8,0,0,0,0,0,0,46,0,0,0,0,0
2022-07-17,0,0,0,0,0,0,16,0,0,0,28,0,0,0,0,0,0,0,0,0,0,0,0,0,0,0,0,0,0,0,0,0,0,0,0,0,25,0,0,0,0,0,0,0,0,0,0,0,0,0,15,0,0,0,0,0,3,0,0,5,0,9,0,0,0,0,0,8,0,2,0,0,0,0,0,0,0,0,0,0
2022-07-24,27,0,0,0,0,0,12,0,15,0,38,0,0,0,0,0,0,0,0,0,0,0,0,0,0,0,46,0,0,0,0,0,0,0,0,0,29,0,0,0,0,0,0,0,0,0,0,0,0,0,16,0,0,0,0,0,4,0,5,6,0,0,0,0,0,0,0,7,0,0,0,0,0,0,35,0,0,0,0,0
2022-07-31,0,0,0,0,0,0,22,0,16,18,40,0,0,0,0,0,0,0,0,0,0,0,0,0,0,0,47,0,0,0,0,0,0,0,0,0,0,0,0,0,0,0,0,0,0,0,0,0,0,0,16,0,0,0,0,0,0,0,0,6,0,11,0,0,0,0,0,10,0,3,0,0,0,0,67,0,0,0,0,0
2022-08-07,47,0,0,0,0,37,20,0,28,20,46,0,0,0,0,50,0,0,0,0,0,0,0,0,0,0,77,0,0,0,0,0,0,0,0,0,0,0,0,0,0,0,0,0,0,0,0,0,0,23,25,0,0,0,0,0,0,0,0,8,0,19,0,0,0,0,0,12,0,3,0,0,0,0,63,0,60,0,0,0
2022-08-14,27,0,0,0,0,0,21,0,21,16,41,0,0,6,0,33,39,0,37,0,0,0,0,0,0,0,73,0,0,0,0,0,0,64,34,0,0,0,0,0,0,0,0,0,0,0,0,0,0,0,25,0,0,0,0,0,6,0,0,5,0,21,0,0,0,0,0,11,0,3,0,0,0,0,57,0,56,0,0,0
2022-08-21,29,0,0,0,0,14,0,0,23,18,51,0,0,0,0,47,0,0,0,0,0,0,0,0,0,0,54,0,0,0,0,0,0,0,0,0,0,0,0,0,0,0,0,0,0,0,0,0,0,0,22,0,0,0,10,0,5,0,0,7,0,21,0,0,0,0,0,11,0,0,0,0,0,0,63,0,41,0,0,0
2022-08-28,0,0,0,0,0,13,21,0,29,17,36,0,0,0,0,0,0,0,0,0,0,0,0,0,0,0,87,0,0,0,0,0,0,32,0,0,0,0,0,0,0,0,0,0,0,0,0,0,0,0,33,0,0,0,0,0,14,0,0,6,0,16,0,0,0,0,0,12,0,0,0,0,0,0,37,0,0,0,0,0
2022-09-04,0,0,0,0,0,28,13,0,32,13,37,0,0,5,0,38,0,0,0,0,0,0,0,0,0,0,59,0,0,0,0,0,0,0,0,0,0,0,0,0,0,0,0,0,0,0,0,0,0,0,27,0,0,0,0,0,14,0,0,5,0,11,0,0,0,0,0,11,0,2,0,0,0,0,61,0,39,0,0,0
2022-09-11,0,0,0,0,0,14,24,13,16,14,35,0,0,0,0,54,0,0,60,0,0,0,0,0,0,0,57,0,0,0,0,0,0,0,0,0,0,0,0,0,0,0,0,0,0,0,0,0,0,0,23,0,0,0,0,0,100,0,0,4,0,14,0,0,0,0,0,8,0,2,0,0,0,0,70,0,0,0,0,0
2022-09-18,23,0,0,0,0,13,18,0,27,0,39,5,0,0,0,49,0,0,43,0,0,0,0,0,0,0,0,0,0,0,0,0,0,0,0,0,0,0,0,0,0,0,0,22,0,0,0,0,0,0,35,0,0,0,0,0,83,0,0,7,0,13,0,0,0,0,0,9,0,2,0,0,0,0,36,0,48,0,0,0
2022-09-25,26,0,0,0,0,0,20,0,29,0,34,0,0,0,0,0,0,0,0,0,0,0,0,0,0,0,53,0,0,0,0,0,0,34,0,0,0,0,0,0,0,0,0,25,0,0,0,0,0,0,26,0,0,0,0,0,58,0,0,4,0,16,0,0,0,0,0,8,0,2,0,0,0,0,44,0,49,0,0,0
2022-10-02,0,0,0,0,0,0,21,0,23,14,42,0,0,8,0,39,0,0,0,0,0,0,0,0,0,0,49,0,0,0,0,0,0,29,0,0,0,0,0,0,0,0,0,0,0,0,0,0,0,26,30,0,0,0,0,0,41,0,0,8,0,13,0,0,0,0,0,7,0,3,0,0,0,0,49,0,0,0,0,0
2022-10-09,0,0,0,0,0,0,20,0,16,22,38,0,0,0,0,0,0,0,33,0,0,0,0,0,0,0,0,0,0,0,0,0,0,0,0,0,0,0,0,0,0,0,0,25,0,0,0,0,0,0,22,0,0,0,0,0,37,0,0,5,0,17,0,0,0,0,0,6,0,2,0,0,0,0,51,0,0,0,0,0
2022-10-16,0,0,0,0,0,13,19,0,0,18,32,0,0,0,0,29,0,0,0,0,0,0,0,0,0,0,51,0,0,0,0,0,0,0,0,0,0,0,27,0,0,0,0,0,0,0,0,0,0,0,21,0,0,0,0,0,27,0,0,7,0,13,0,0,0,0,0,6,0,2,0,0,0,0,38,0,0,40,0,0
2022-10-23,0,0,0,0,0,20,47,0,18,15,35,0,0,0,0,38,0,0,32,0,0,0,0,0,0,0,64,0,0,0,0,0,0,0,0,0,0,0,0,0,0,0,0,0,0,0,0,0,0,0,17,0,0,0,0,0,24,0,0,7,0,16,0,0,0,0,0,4,0,2,0,0,0,0,62,0,38,0,0,0
2022-10-30,0,0,0,0,0,21,26,0,17,0,40,0,0,0,0,39,0,0,48,0,0,0,0,0,0,0,54,0,0,0,0,0,0,28,0,0,0,0,25,0,0,23,0,35,0,0,0,0,0,0,31,0,0,0,0,0,20,0,0,12,0,21,0,0,0,0,0,5,0,0,0,0,0,0,72,0,0,0,0,0
2022-11-06,0,0,0,0,0,16,23,0,14,13,40,0,0,0,0,58,0,0,0,0,0,0,0,0,0,0,64,0,0,0,0,0,0,0,0,0,0,0,0,0,0,0,0,34,0,0,27,0,0,0,22,0,0,0,0,0,25,0,0,6,0,16,0,0,0,0,0,5,0,3,0,0,0,0,42,0,40,0,0,0
2022-11-13,0,0,0,0,0,0,22,13,15,16,32,0,0,0,0,33,0,0,41,0,0,0,0,0,0,0,0,0,0,0,0,0,0,0,0,0,0,0,0,0,0,0,0,0,0,0,0,0,0,0,20,0,0,0,0,0,19,0,0,5,0,19,0,0,0,0,0,4,0,2,0,0,0,0,0,0,57,0,0,0
2022-11-20,0,0,0,0,0,16,24,0,0,16,40,0,0,0,0,38,0,0,35,0,0,0,0,73,0,0,40,0,0,0,0,0,0,0,0,0,0,0,0,0,0,0,0,0,0,0,22,0,0,26,26,0,0,10,0,0,17,0,0,6,0,14,0,0,0,0,0,5,0,3,0,0,0,0,52,0,0,0,0,0
2022-11-27,0,0,0,0,0,0,25,0,0,0,32,0,0,0,0,55,0,0,0,0,0,0,0,0,0,0,48,0,0,0,0,0,0,0,0,0,0,0,0,0,0,0,0,0,0,0,0,0,0,0,16,0,0,0,0,0,20,0,0,7,0,21,0,0,0,0,0,4,0,3,0,0,0,0,52,0,56,0,0,0
2022-12-04,0,0,0,0,0,0,22,0,0,17,37,5,0,0,0,0,32,0,0,0,0,0,0,0,0,0,57,0,0,0,0,0,0,28,0,0,0,0,0,0,0,0,0,0,0,0,0,0,0,0,29,0,0,9,0,0,14,0,0,7,0,39,0,0,0,0,0,6,2,2,0,0,0,0,45,0,0,0,0,0
2022-12-11,0,0,0,0,0,13,23,0,20,0,33,0,0,5,0,31,0,0,0,0,0,0,0,0,0,0,60,0,0,0,0,0,0,0,0,0,0,0,0,0,0,0,0,0,0,0,0,0,0,0,21,0,0,0,0,0,20,0,0,5,0,14,0,0,0,0,0,6,0,3,0,0,0,0,0,0,0,0,0,0
2022-12-18,0,0,0,0,0,15,27,0,27,14,51,0,0,0,0,40,0,0,0,0,0,0,0,0,0,0,0,0,0,0,0,0,0,35,0,0,0,0,0,0,0,0,0,0,0,0,0,0,0,0,28,0,0,0,0,0,25,0,0,7,0,27,0,0,0,0,0,7,3,3,0,0,0,0,58,0,0,0,0,0
2022-12-25,33,0,0,0,0,0,41,0,19,18,56,8,0,0,0,73,33,0,40,0,0,0,0,0,0,0,0,0,0,0,0,0,0,0,0,0,0,0,0,0,0,0,0,22,0,0,0,0,0,0,20,0,0,0,0,0,38,0,0,7,0,31,0,0,0,0,0,8,0,2,0,0,44,0,78,0,45,0,0,0
2023-01-01,30,0,0,0,0,0,26,0,23,18,49,0,0,0,0,41,0,0,43,0,0,0,0,0,0,0,87,0,0,0,0,0,0,41,0,0,0,0,32,0,0,0,0,0,0,0,0,0,0,0,24,0,0,13,0,0,28,0,0,7,0,16,0,0,0,0,0,6,0,2,0,0,0,0,50,0,0,0,0,0
2023-01-08,0,0,0,0,0,0,36,0,23,22,41,0,0,0,0,33,0,0,0,0,0,0,0,0,0,0,0,0,0,0,0,0,0,42,0,0,0,0,0,0,0,0,0,0,0,0,0,0,0,0,28,12,0,11,0,0,16,0,0,5,0,25,0,0,0,0,0,4,4,3,0,0,0,0,43,0,50,0,0,0
2023-01-15,26,0,0,0,0,0,44,13,19,15,44,0,6,7,0,0,0,0,0,0,0,0,0,0,0,0,0,0,0,0,0,0,0,37,0,0,0,0,0,0,0,0,0,0,0,0,0,0,0,0,25,0,0,0,0,0,17,0,0,5,0,18,0,0,0,0,0,6,0,3,0,0,0,0,41,0,0,0,0,0
2023-01-22,0,0,0,0,0,0,38,0,29,32,37,0,0,0,0,0,0,0,31,0,0,0,0,0,0,0,0,0,0,0,0,0,0,52,0,0,0,0,26,0,0,0,0,0,0,0,0,0,0,0,22,0,0,0,0,0,14,0,0,5,0,17,0,0,0,0,0,5,2,4,0,0,0,0,0,0,80,0,0,0
2023-01-29,28,0,0,0,0,16,43,0,24,14,52,0,0,7,0,35,0,0,40,0,71,0,0,0,0,0,0,0,0,0,0,0,0,53,0,0,0,0,0,0,0,0,0,0,0,0,0,0,0,0,28,0,0,0,0,0,17,0,0,10,0,24,0,0,0,0,0,6,2,3,0,0,0,0,39,0,0,0,0,0
2023-02-05,26,0,0,0,0,27,39,13,25,18,58,7,0,0,0,0,34,0,0,0,0,0,0,0,0,0,0,0,0,0,0,0,0,27,0,0,0,0,0,0,0,0,0,26,0,0,38,0,0,0,23,12,0,0,0,0,19,0,0,6,0,26,0,0,0,0,0,6,3,2,0,0,0,0,50,0,76,0,0,0
2023-02-12,31,0,0,0,0,0,36,0,22,16,45,5,0,0,0,45,0,0,0,0,0,0,0,0,0,0,59,0,0,0,0,0,0,0,0,0,0,0,34,0,0,0,0,26,0,0,0,0,0,0,26,0,0,0,0,0,24,0,0,8,0,17,0,0,0,0,0,7,3,2,0,0,0,0,88,0,50,0,0,0
2023-02-19,28,0,0,0,0,13,41,0,16,21,49,0,0,0,0,0,0,0,0,0,0,0,0,0,0,0,58,0,0,0,0,31,0,37,0,0,0,0,0,0,0,0,0,0,0,0,0,0,0,0,17,0,0,0,0,0,18,0,0,5,0,16,0,0,0,0,0,6,3,4,0,0,0,0,45,0,0,0,0,0
2023-02-26,25,0,0,0,0,17,47,21,49,15,50,5,0,0,0,33,50,0,0,0,0,0,0,0,0,0,62,0,0,0,0,0,0,50,0,0,0,0,0,0,0,0,0,34,0,0,0,0,0,0,31,10,0,10,0,0,15,0,0,5,0,16,0,0,0,0,0,8,2,3,0,0,0,0,0,0,0,0,0,0
2023-03-05,26,0,0,0,0,12,51,0,23,20,47,5,0,0,0,51,0,34,0,0,0,0,0,0,0,0,0,0,0,0,0,0,0,47,0,0,0,0,39,0,0,0,0,39,0,0,0,0,0,0,29,10,0,10,0,0,16,0,0,5,0,21,0,0,0,0,3,7,3,3,0,0,0,0,37,0,0,0,0,0
2023-03-12,25,0,0,0,0,0,36,0,21,16,38,6,0,0,0,44,0,0,0,0,0,0,0,0,0,0,0,0,0,0,0,0,0,35,0,0,0,0,35,0,0,0,0,0,0,0,0,0,0,0,20,0,0,0,0,0,11,0,0,6,0,15,0,0,0,0,2,8,3,2,0,0,0,0,53,0,0,0,0,0
2023-03-19,27,0,0,0,0,0,48,0,22,0,39,9,0,0,0,47,0,0,0,0,0,0,0,0,0,0,0,0,0,0,0,29,0,34,0,0,0,0,0,0,0,0,0,25,0,0,26,0,0,0,21,0,0,0,0,0,15,0,0,7,0,10,0,0,0,0,0,5,2,0,0,0,0,0,37,0,42,0,0,0
2023-03-26,30,0,0,0,0,0,42,0,18,0,35,6,0,0,0,35,34,0,0,0,0,0,0,0,0,0,0,0,0,0,0,0,0,0,0,0,0,0,25,0,0,0,0,0,0,0,0,0,0,0,20,0,0,0,0,0,8,0,0,4,0,18,0,0,0,0,0,7,4,0,0,0,0,0,43,0,0,0,0,0
2023-04-02,0,0,0,0,0,0,47,0,34,16,48,6,0,0,5,47,32,0,0,0,0,0,0,0,0,0,0,0,0,0,0,0,0,45,0,0,0,0,36,0,0,0,0,29,0,0,0,0,0,0,25,0,0,0,0,0,21,0,0,7,0,22,0,0,0,0,0,9,3,4,0,0,0,0,42,0,43,0,0,0
2023-04-09,30,0,0,0,0,24,54,0,35,0,39,6,0,6,6,79,0,0,0,0,0,0,0,0,0,0,0,0,0,0,0,0,0,36,0,0,0,0,0,0,0,0,0,37,0,0,0,0,0,0,21,0,0,0,0,0,20,0,0,6,0,15,0,0,0,0,0,11,4,3,0,0,0,0,53,0,76,0,0,0
2023-04-16,36,0,0,0,0,17,33,0,42,19,45,7,0,7,0,51,0,0,0,0,0,0,0,0,0,0,0,0,0,0,0,0,0,46,0,0,0,0,0,0,0,0,0,55,0,0,23,0,0,0,23,0,0,12,0,0,15,0,0,7,0,23,0,0,0,0,0,13,2,0,0,0,0,0,42,0,50,0,0,0
2023-04-23,24,0,0,0,0,19,47,0,14,12,41,0,0,7,0,52,0,0,58,0,0,0,0,0,0,0,0,0,0,0,0,0,0,36,0,0,0,0,0,0,0,0,0,33,0,0,25,0,0,0,18,0,0,0,0,0,17,0,0,9,0,26,0,0,0,0,0,14,0,0,0,39,0,0,40,0,0,0,0,0
2023-04-30,33,0,0,0,0,20,32,0,38,21,47,0,0,6,7,92,33,0,0,0,0,0,0,0,0,0,52,0,0,0,0,0,0,53,30,0,0,0,32,0,0,0,0,42,0,0,66,0,0,30,26,17,0,0,0,0,26,0,0,8,0,28,0,0,0,0,0,19,0,0,0,0,0,0,47,0,0,0,0,0
2023-05-07,28,0,0,0,0,0,39,0,26,16,38,0,0,6,0,33,32,0,31,0,0,0,0,0,0,0,0,0,0,0,0,0,0,0,0,0,0,0,0,0,0,0,0,35,0,0,47,0,0,0,23,0,0,0,0,0,20,0,0,5,0,8,0,0,0,0,0,21,0,4,0,0,0,0,55,0,50,0,0,0
2023-05-14,0,0,0,0,0,14,34,0,23,0,31,0,0,5,8,46,0,0,0,0,0,0,0,0,0,0,0,0,0,0,0,0,0,26,0,0,0,0,43,0,0,0,0,26,0,0,25,0,0,0,38,0,0,0,0,0,18,0,0,5,0,17,0,0,0,0,0,15,0,0,0,0,0,0,0,0,0,0,0,0
2023-05-21,0,0,0,0,0,21,28,0,30,18,37,5,0,0,0,36,0,0,0,0,0,0,0,0,0,0,0,0,0,0,0,0,0,36,0,0,0,0,0,0,0,0,0,0,0,0,0,0,0,0,57,0,0,0,0,0,16,0,0,4,0,15,0,0,0,0,0,20,0,2,0,0,0,0,45,0,0,0,0,0
2023-05-28,35,0,0,0,0,24,26,0,27,17,37,0,0,0,0,0,0,0,60,0,0,0,0,0,0,0,0,0,0,0,0,0,0,48,0,0,0,0,0,0,0,0,0,0,0,0,0,0,0,0,100,0,0,11,0,0,14,0,0,4,0,15,0,0,0,0,0,15,0,3,0,0,0,0,86,0,0,0,0,0
2023-06-04,36,0,0,0,0,18,37,0,22,0,43,0,0,5,0,48,0,0,0,0,0,0,0,0,0,0,0,0,0,0,0,0,0,33,0,0,0,0,0,0,0,0,0,0,0,0,0,0,0,0,48,0,0,11,0,0,17,0,0,5,0,16,0,0,0,0,0,18,2,2,0,0,0,0,43,0,46,0,0,0
2023-06-11,37,0,0,0,0,17,35,0,45,20,44,0,0,0,0,41,0,0,0,0,0,0,0,0,0,0,0,0,0,0,0,0,0,28,0,0,0,0,0,0,0,0,0,26,0,0,28,0,0,0,23,0,0,0,0,0,14,0,0,6,0,15,0,0,0,0,0,17,0,3,0,0,0,0,43,0,0,0,0,0
2023-06-18,0,0,0,0,0,14,28,0,23,17,42,0,0,0,0,42,30,0,0,0,0,0,0,0,0,0,0,0,0,0,0,0,0,36,0,0,0,0,24,0,0,0,0,27,0,0,23,0,0,0,28,0,0,13,0,0,17,0,0,9,0,21,0,0,0,0,0,16,0,0,0,0,0,0,62,0,39,0,0,0
2023-06-25,53,0,0,0,0,15,47,0,39,0,45,0,0,5,8,59,0,0,0,0,0,0,0,0,0,0,41,0,0,0,0,0,0,0,0,0,0,0,0,0,0,0,0,33,0,0,23,0,0,0,23,9,0,12,0,0,18,0,0,5,0,23,0,0,0,0,0,21,2,4,0,0,0,0,51,0,64,0,0,0
2023-07-02,54,0,0,0,25,20,44,20,31,20,40,0,0,0,0,91,38,0,48,0,0,0,0,0,0,0,0,0,0,0,0,0,0,58,0,0,0,0,40,0,0,0,0,38,0,0,0,0,0,0,21,0,0,10,0,0,23,0,0,7,0,21,0,0,0,0,0,25,0,3,0,0,0,39,52,0,53,0,0,0
2023-07-09,60,0,0,0,0,0,39,18,37,0,47,0,0,0,6,35,44,0,0,0,0,0,0,0,0,0,0,0,0,0,0,0,0,0,0,0,0,0,0,0,0,0,0,0,0,0,0,0,0,0,25,0,0,0,0,0,16,0,0,8,0,13,0,0,0,0,0,25,2,4,0,0,0,38,57,0,56,0,0,0
2023-07-16,74,0,0,0,0,14,49,15,37,28,42,0,0,0,0,42,0,0,0,0,0,0,0,0,0,0,42,0,0,0,0,0,0,49,0,0,0,0,32,0,0,0,0,22,0,0,0,0,0,0,26,0,0,0,0,0,23,0,0,9,0,22,0,0,0,0,0,22,2,3,0,0,0,0,52,0,0,0,0,0
2023-07-23,59,0,0,0,0,0,55,13,37,20,42,0,0,6,8,39,0,0,0,0,0,0,0,0,0,0,58,0,0,0,0,0,0,35,0,0,0,0,34,0,0,0,0,30,34,0,34,0,0,0,30,0,0,10,0,0,19,0,0,6,0,29,0,0,0,0,2,29,3,3,0,0,0,39,58,0,55,0,0,0
2023-07-30,70,0,0,0,0,27,58,17,45,0,57,0,0,0,7,52,35,0,0,0,0,0,100,0,0,0,0,0,0,0,0,0,0,40,0,0,0,0,0,0,0,0,0,48,0,0,27,0,0,0,40,0,0,0,11,0,20,0,0,8,0,27,0,0,0,0,0,31,3,3,0,0,0,0,96,0,70,0,0,0
2023-08-06,68,0,0,0,0,16,65,0,42,18,53,0,0,0,0,44,39,0,0,0,0,0,0,0,56,0,60,0,0,0,0,0,0,32,0,0,0,0,49,0,0,0,0,29,0,0,0,0,0,0,28,0,0,0,0,0,19,0,0,8,0,22,0,0,0,0,2,35,0,3,0,0,0,0,45,0,58,0,0,0
2023-08-13,68,0,0,0,0,21,54,0,38,27,50,8,0,0,0,65,41,0,0,0,0,0,0,0,0,0,0,0,0,0,0,0,0,53,0,0,0,0,0,0,0,38,0,34,0,0,34,0,0,0,24,0,0,12,0,0,21,0,4,5,0,30,0,0,0,0,2,31,3,4,0,0,0,0,95,0,69,0,0,0
2023-08-20,70,0,0,0,0,21,38,0,44,24,46,5,0,6,0,70,0,0,0,0,0,0,0,0,0,0,58,0,0,0,0,31,0,53,0,0,0,0,33,0,0,0,0,28,0,0,0,0,0,0,25,0,0,0,0,0,23,0,0,10,0,21,0,0,0,0,0,27,3,3,0,0,0,0,57,0,83,45,0,0
2023-08-27,54,0,0,0,0,19,34,15,37,21,43,0,0,0,0,46,0,0,0,0,0,0,0,0,0,0,66,0,0,0,0,29,0,28,0,0,0,0,40,0,0,0,0,24,0,0,27,0,38,0,32,0,0,0,0,0,16,0,0,5,0,27,0,0,0,0,0,27,3,4,0,0,38,0,50,0,43,0,0,0
2023-09-03,44,0,0,0,0,13,36,0,27,23,39,0,0,0,0,0,40,0,0,0,0,0,0,0,0,0,0,0,0,41,0,0,0,0,0,0,0,0,27,0,0,0,0,40,0,0,32,0,0,0,26,0,0,0,0,4,14,0,0,9,0,20,0,0,0,0,0,29,0,4,0,0,0,0,0,0,0,0,0,0
2023-09-10,49,0,0,0,0,15,37,0,27,15,31,0,0,5,0,41,37,0,39,0,0,0,0,0,0,0,48,0,0,0,0,0,0,0,0,0,0,0,24,0,0,0,0,24,0,0,0,0,0,0,28,0,0,0,0,0,16,0,0,6,0,21,0,0,0,0,0,31,0,3,0,0,0,0,0,0,43,0,0,0
2023-09-17,57,0,0,0,0,0,40,0,26,25,37,0,0,0,0,37,0,0,38,0,0,0,0,0,0,0,55,0,0,0,0,0,0,38,0,0,0,0,35,0,0,0,0,35,0,0,0,0,0,0,24,0,0,0,0,0,17,0,0,4,0,19,0,0,0,0,0,29,3,3,0,0,0,0,38,0,0,0,0,0
2023-09-24,51,0,0,0,0,24,50,0,40,20,50,6,0,6,0,47,56,0,34,0,0,0,0,0,0,0,81,0,0,0,0,0,0,70,0,0,0,0,31,0,0,0,0,53,0,0,0,0,0,22,28,0,0,12,0,0,19,4,0,9,0,33,0,0,0,0,0,25,2,3,0,0,0,0,0,0,70,0,0,0
2023-10-01,37,0,0,0,0,13,35,0,22,16,38,0,0,0,5,0,0,0,0,0,0,0,0,0,0,0,47,0,0,0,0,0,0,0,0,0,0,0,27,0,0,0,0,0,0,0,0,0,0,0,15,0,0,12,0,0,15,0,5,4,0,17,0,0,0,0,0,18,0,3,0,0,0,0,62,0,42,0,0,0
2023-10-08,31,0,0,0,0,0,30,0,24,15,37,0,0,0,0,0,0,0,0,0,0,0,0,0,0,0,41,0,0,0,0,0,0,0,0,0,0,0,0,0,0,0,0,0,0,0,0,0,0,0,20,0,0,0,0,0,11,0,0,6,0,12,0,0,0,0,0,10,0,4,0,0,0,0,48,0,61,0,0,67
2023-10-15,22,0,0,0,0,13,21,0,22,18,35,0,0,0,0,0,44,0,0,0,0,0,0,0,0,0,41,0,0,0,0,0,0,26,0,0,0,0,0,0,0,0,0,0,0,0,21,0,0,0,14,0,0,15,0,0,13,0,0,4,0,15,0,0,0,0,2,6,0,2,0,0,0,0,70,0,0,0,0,0
2023-10-22,0,0,0,0,0,0,25,0,28,13,41,0,0,0,0,0,30,0,0,0,0,0,0,0,0,0,0,0,0,0,0,0,0,0,0,0,0,0,37,0,0,0,0,29,0,0,22,0,0,0,17,0,0,0,0,0,13,0,0,8,0,18,0,0,0,0,0,7,2,3,0,0,0,0,43,0,41,0,0,0
2023-10-29,27,0,0,0,0,0,32,0,16,12,37,0,0,0,0,0,0,0,0,0,0,0,0,0,0,0,0,0,0,0,0,0,0,0,0,0,0,0,0,0,0,0,0,21,0,0,0,0,0,0,27,0,0,0,0,0,9,0,0,6,0,14,0,0,0,0,0,7,0,3,0,0,0,0,47,0,0,0,0,0
2023-11-05,0,0,0,0,0,0,36,0,20,0,44,0,0,0,0,0,0,0,0,0,0,0,0,0,0,0,0,0,0,0,0,0,0,0,0,0,0,0,33,0,0,0,0,30,0,0,0,0,0,0,18,0,0,0,0,0,14,0,0,6,0,18,0,0,0,0,0,6,3,3,0,0,0,0,35,0,42,0,0,0
2023-11-12,0,0,0,0,0,0,47,0,20,22,41,8,0,5,0,0,31,0,0,0,0,0,0,0,0,0,0,0,0,0,0,0,0,0,0,0,0,0,52,0,0,0,0,42,0,0,0,0,0,0,24,0,0,0,0,0,17,0,0,5,0,17,0,0,0,0,0,7,0,2,0,0,0,0,0,0,0,0,0,0
2023-11-19,25,0,0,0,0,0,46,0,24,20,45,7,0,0,0,0,0,0,0,0,0,0,99,0,0,0,65,0,0,0,0,0,0,35,0,0,0,0,52,0,0,0,0,23,0,0,36,0,0,0,21,0,0,0,0,4,14,0,0,7,0,24,0,0,0,0,0,7,3,2,0,0,0,0,0,0,0,0,0,0
2023-11-26,28,0,0,0,0,16,47,0,22,17,46,7,0,0,5,35,34,0,0,0,0,0,0,0,0,0,59,0,0,0,0,0,0,0,0,0,0,0,53,0,0,27,0,0,0,0,26,0,0,0,23,0,0,0,0,0,19,0,0,7,0,28,0,0,0,0,0,6,2,2,0,0,0,0,45,0,0,0,0,0
2023-12-03,30,0,0,0,0,0,56,0,15,0,49,7,0,0,0,50,0,0,0,0,0,0,0,0,0,0,0,0,0,0,0,0,0,0,0,0,0,0,39,0,0,0,0,23,0,0,22,0,0,0,22,0,0,0,0,0,21,0,0,8,0,24,0,0,0,0,0,6,0,5,0,0,0,0,72,0,0,0,0,0
2023-12-10,0,0,0,0,0,0,52,0,23,20,58,0,0,0,0,35,0,0,0,0,0,0,0,0,0,0,70,0,0,0,0,0,0,29,33,0,0,0,45,0,0,0,0,43,0,0,0,0,28,0,29,0,0,0,0,0,35,0,0,8,0,31,0,0,0,0,0,7,3,3,0,0,0,0,61,0,0,0,0,0
2023-12-17,38,0,0,0,0,15,53,0,32,15,59,11,0,0,0,50,0,0,35,0,0,0,0,0,0,0,100,0,0,0,0,0,0,0,0,0,0,0,52,0,0,0,0,35,0,0,0,0,0,0,22,0,0,12,0,0,30,0,0,8,0,28,8,0,0,0,0,8,5,3,0,0,0,52,67,0,53,0,0,0
2023-12-24,0,0,0,0,0,18,100,15,31,0,91,19,0,0,0,59,42,0,44,0,0,0,0,0,0,0,72,0,0,0,0,0,0,56,0,0,0,0,89,0,0,32,0,90,0,0,38,0,0,0,34,12,0,15,0,0,50,0,0,12,0,38,0,0,0,0,0,12,6,3,0,0,0,0,66,0,59,0,0,0
2023-12-31,24,0,0,30,0,16,71,17,22,21,60,9,0,6,6,0,0,0,0,0,0,0,0,0,0,0,54,0,0,0,0,0,0,50,0,0,0,0,52,0,0,0,0,50,0,0,25,0,24,0,29,0,0,11,0,0,36,0,0,5,0,25,0,0,0,0,2,7,3,4,0,0,0,0,77,0,0,0,0,0
2024-01-07,26,0,0,0,0,0,53,14,34,22,60,12,0,0,5,33,0,0,41,0,0,0,0,0,0,0,0,0,0,0,0,0,0,62,30,0,0,0,50,0,0,0,0,43,0,0,0,0,0,0,26,13,0,0,0,0,28,0,0,7,0,30,0,0,0,0,0,8,5,2,0,0,0,0,52,0,69,0,0,0
2024-01-14,0,0,0,0,0,15,66,0,15,21,56,13,0,0,6,63,0,0,0,0,0,0,0,0,0,0,50,0,0,0,0,0,0,34,0,0,0,0,69,0,0,0,0,76,0,0,25,0,0,0,24,11,0,0,0,0,32,0,0,8,0,29,0,0,0,0,0,11,6,3,38,0,0,0,55,0,57,0,0,0
2024-01-21,33,0,0,0,0,18,52,0,38,24,77,9,0,0,11,37,0,0,0,0,0,0,0,0,0,0,0,0,0,0,0,0,0,71,0,0,0,0,49,0,0,0,0,83,0,0,29,0,0,0,23,0,0,0,0,0,24,0,0,6,0,32,0,0,0,0,0,9,5,3,0,0,0,0,62,0,69,0,0,0
2024-01-28,0,0,0,0,0,32,52,0,20,22,57,13,0,11,7,50,36,0,0,0,0,0,0,0,0,0,0,0,0,0,0,0,0,56,0,0,0,0,47,0,0,0,0,75,0,0,35,0,0,0,34,16,0,11,0,0,29,0,0,10,0,33,0,0,0,0,0,8,5,3,0,0,0,42,42,0,47,0,0,0
2024-02-04,0,0,0,0,0,0,46,0,40,36,64,9,0,7,10,49,34,0,0,0,0,0,0,0,0,0,93,0,0,0,0,0,0,43,0,0,0,0,100,0,0,0,0,61,0,0,24,0,0,0,28,0,0,0,0,0,22,0,0,8,0,33,0,0,0,0,0,7,5,3,0,0,0,40,74,0,0,0,0,0
2024-02-11,34,0,0,0,0,0,46,0,27,34,63,10,0,0,10,0,0,0,0,0,0,0,0,0,0,0,53,0,0,0,0,0,0,29,0,0,0,0,64,0,0,0,0,38,0,0,24,0,0,0,21,0,0,0,0,0,29,0,0,7,0,25,0,0,0,0,2,7,3,2,0,0,0,40,49,0,0,0,0,0
2024-02-18,29,0,0,0,0,0,47,0,26,28,69,0,0,7,6,60,43,0,42,0,0,0,0,0,0,0,0,0,0,0,0,0,0,36,0,0,0,0,71,0,0,0,0,50,0,0,87,0,0,0,33,11,0,0,0,0,22,0,0,4,0,24,0,0,0,0,0,10,5,0,0,0,0,0,55,0,0,0,0,0
2024-02-25,0,0,0,0,0,0,60,0,14,23,49,0,0,0,0,0,38,0,0,0,0,0,0,0,0,0,0,0,0,0,0,0,0,48,0,0,0,0,46,0,0,0,0,39,0,0,30,0,0,0,33,11,0,0,0,0,22,0,0,6,0,21,0,0,0,0,3,11,2,0,0,0,0,41,66,0,0,0,0,0
2024-03-03,29,0,0,0,0,0,41,0,0,29,53,7,0,0,7,0,0,0,0,0,0,0,0,0,0,0,0,0,0,0,0,0,0,80,0,0,0,0,68,0,0,0,0,31,0,0,31,0,0,0,24,0,0,0,0,0,19,0,0,7,0,22,0,0,0,0,3,9,6,3,0,0,0,0,72,0,62,0,0,0
2024-03-10,39,0,0,0,0,0,41,0,27,17,53,9,0,0,6,0,0,0,0,0,0,0,0,0,0,0,0,0,0,0,0,0,0,34,0,0,0,0,47,0,0,0,0,26,0,0,35,0,0,0,24,0,0,0,0,0,19,0,0,10,0,22,0,0,0,0,0,9,4,2,0,0,0,0,85,0,55,0,0,0
2024-03-17,0,0,0,0,0,0,56,0,27,22,47,10,0,0,0,0,0,0,0,0,0,0,0,0,0,0,0,0,0,0,0,0,0,51,0,0,0,0,67,0,0,0,0,23,0,0,45,0,0,27,13,0,0,0,0,0,21,0,0,4,0,18,0,0,0,0,3,11,4,4,0,0,0,0,72,0,0,0,0,0
2024-03-24,34,0,0,0,0,0,50,0,17,19,55,0,0,0,11,57,0,0,0,0,0,0,0,0,0,0,0,0,0,0,0,0,0,35,0,0,0,0,54,0,0,0,0,40,0,0,0,0,0,0,26,0,0,16,0,0,15,0,0,5,0,31,0,0,0,0,0,7,3,0,0,0,0,0,0,0,0,0,0,0
2024-03-31,40,0,0,0,0,0,69,0,28,18,56,9,0,6,0,0,0,0,0,0,0,0,0,0,62,0,0,0,0,0,0,0,0,0,0,0,0,0,72,0,0,0,0,0,0,0,38,0,0,0,21,0,0,0,0,0,10,0,0,5,0,17,0,0,0,0,0,14,4,3,0,0,0,0,42,0,0,0,0,0
2024-04-07,52,0,0,0,0,0,53,0,35,18,55,9,0,6,0,79,52,0,0,0,0,0,0,0,0,0,0,0,0,0,0,0,0,56,0,0,0,0,39,0,0,0,0,42,0,0,0,0,0,0,29,12,0,14,0,0,17,0,5,5,0,32,0,0,0,0,0,15,5,0,0,0,0,0,54,0,80,0,0,0
2024-04-14,53,0,0,0,0,24,48,0,54,21,54,8,0,0,7,72,0,0,38,0,0,0,0,0,0,0,0,0,0,0,0,0,0,84,0,0,0,0,46,0,0,0,0,40,0,0,41,0,30,0,27,20,0,18,0,0,18,0,0,6,0,40,0,0,0,0,2,13,5,3,0,0,0,0,50,0,0,0,0,0
2024-04-21,34,0,0,0,0,22,50,0,33,19,44,0,0,0,0,43,0,0,0,0,0,0,0,0,0,0,0,0,0,50,0,0,0,38,0,0,0,0,0,0,0,0,0,31,0,0,0,0,0,0,20,13,0,12,0,0,17,0,0,7,0,28,0,0,0,0,4,12,2,0,0,0,0,49,50,0,0,0,0,0
2024-04-28,49,0,0,0,0,18,54,0,31,17,48,0,0,0,0,45,0,0,0,0,0,0,0,0,0,0,0,0,0,0,0,0,0,69,0,0,0,0,50,0,0,0,32,39,0,0,0,0,0,0,28,0,0,0,0,0,24,0,0,6,0,24,0,0,0,0,0,16,0,4,0,0,0,0,77,0,0,0,0,0
2024-05-05,30,0,0,0,0,17,54,0,20,15,37,0,0,0,0,55,0,0,0,0,0,0,0,0,0,0,0,0,0,0,0,0,0,51,0,0,0,0,0,0,0,0,0,25,0,0,0,0,0,0,36,0,0,0,0,0,58,4,0,8,0,26,0,0,0,0,0,23,0,0,0,0,0,0,62,0,0,0,0,0
2024-05-12,54,0,0,0,0,15,35,0,27,15,39,0,0,0,0,71,0,0,0,0,0,0,0,0,0,0,0,0,0,0,0,0,0,31,0,0,0,0,38,0,0,0,0,0,0,0,0,0,0,0,19,0,0,0,0,0,45,0,0,6,0,27,0,0,0,0,0,21,0,3,0,0,0,0,0,0,0,0,0,0
2024-05-19,28,0,0,0,0,21,49,0,30,0,51,0,0,0,0,0,0,0,0,0,0,0,0,0,0,0,0,0,0,0,36,0,0,0,0,0,0,0,45,0,0,0,0,33,0,0,100,0,0,0,27,16,0,0,0,0,32,0,0,0,0,14,0,0,0,0,0,33,0,3,0,0,0,0,0,0,57,0,0,0
2024-05-26,0,0,0,0,0,0,29,0,21,0,41,0,0,0,0,0,0,0,0,0,0,0,0,0,0,0,0,0,0,0,0,0,0,0,0,0,0,0,0,0,0,0,0,0,0,0,0,0,0,0,24,0,0,15,0,0,25,0,0,6,0,17,0,0,0,0,0,20,0,0,0,0,0,0,0,0,0,0,0,0
2024-06-02,34,0,0,0,0,0,29,0,17,0,30,0,0,0,0,0,0,0,0,0,0,0,0,0,0,0,0,0,0,0,0,0,0,0,0,0,0,0,0,0,0,0,0,0,0,0,0,0,0,0,33,0,0,0,0,0,20,0,0,8,0,15,0,0,0,0,0,24,0,3,0,0,0,0,0,0,0,0,0,0
2024-06-09,47,0,0,0,0,0,44,0,37,16,46,0,0,0,0,0,0,0,0,0,0,0,0,0,0,0,0,0,0,0,0,0,0,0,0,0,0,0,0,0,0,0,0,28,0,0,29,0,0,0,44,0,0,0,0,0,20,0,0,7,0,15,8,0,0,0,0,19,0,3,0,0,0,0,0,0,69,0,0,0
2024-06-16,50,0,0,0,0,20,29,0,31,19,53,0,0,0,7,50,38,0,0,0,0,0,0,0,0,0,0,0,0,0,0,0,0,31,0,0,0,0,35,0,0,0,0,35,0,0,38,0,0,0,93,17,0,0,0,0,24,0,0,7,8,20,0,0,0,0,0,29,3,3,0,0,0,0,44,0,68,0,0,0
2024-06-23,39,0,0,0,0,0,44,21,30,17,40,0,0,0,0,0,0,0,0,0,0,0,0,0,0,0,0,0,0,0,0,29,0,42,0,0,0,0,30,0,0,0,0,30,0,0,30,0,0,0,38,0,0,0,0,0,21,0,0,7,0,20,0,0,0,0,0,20,0,3,0,0,0,0,0,0,0,0,0,0
2024-06-30,33,0,0,0,0,0,36,0,42,0,36,0,0,0,6,43,0,0,0,0,0,0,0,0,0,0,0,0,0,0,0,0,0,34,0,0,0,0,0,0,0,0,0,29,0,0,0,0,0,0,22,0,0,0,0,0,32,0,0,6,0,26,0,0,0,0,0,23,0,2,0,0,0,0,54,0,51,0,0,0
2024-07-07,52,0,0,0,0,0,58,27,40,15,48,0,0,0,0,48,35,0,0,0,0,0,0,0,0,0,0,0,0,0,0,0,0,0,0,0,0,0,51,0,0,0,0,28,0,0,24,0,0,0,18,0,0,14,0,0,20,0,0,8,0,21,0,0,0,0,0,33,3,4,0,0,0,0,63,0,0,0,0,0
2024-07-14,39,0,0,0,0,15,45,27,45,22,55,0,0,0,6,54,50,0,39,0,0,0,0,0,0,0,0,0,0,0,0,0,0,33,0,0,0,0,77,0,0,0,0,36,0,0,45,0,0,0,26,0,0,0,0,0,25,0,0,0,0,26,0,0,0,0,3,38,3,4,0,0,0,0,45,0,53,0,0,0
2024-07-21,81,0,0,0,0,0,63,22,45,21,56,7,0,0,7,41,44,0,0,0,0,0,0,0,0,0,0,0,0,0,33,0,0,30,0,0,0,0,51,0,0,0,0,24,0,0,55,0,0,0,28,0,0,0,0,0,27,0,0,7,0,24,0,0,0,0,0,45,4,4,43,0,0,0,51,61,54,0,0,0
2024-07-28,79,0,0,0,0,17,48,21,49,14,52,0,0,0,9,39,0,0,0,0,0,0,0,0,0,0,0,0,0,0,0,0,0,34,0,0,0,0,61,0,0,0,0,44,0,0,46,0,0,0,28,0,0,0,0,0,30,0,0,8,0,23,0,0,0,0,0,38,0,2,0,0,0,0,0,0,88,0,0,0
2024-08-04,82,0,0,0,0,0,57,26,71,16,56,6,0,0,8,56,55,0,0,0,0,0,0,0,0,0,0,0,0,0,0,0,0,56,0,0,0,0,62,0,0,0,0,38,0,0,60,0,0,0,30,0,0,0,0,0,22,0,0,9,0,26,0,0,0,0,4,34,3,3,0,0,51,0,0,0,83,0,0,0
2024-08-11,88,0,0,0,0,0,61,26,45,0,68,6,0,0,9,58,39,0,0,0,0,0,0,0,0,0,0,0,0,0,0,0,0,59,0,0,0,0,68,0,0,0,0,44,0,0,45,0,33,36,40,0,0,18,0,0,25,0,0,5,0,32,0,0,0,0,0,43,3,5,0,0,66,0,41,0,79,0,0,47
2024-08-18,57,0,0,0,32,31,66,0,50,25,67,7,0,0,12,49,49,0,0,0,0,0,0,0,56,0,0,0,0,0,0,0,0,47,0,0,0,0,0,0,0,0,0,43,0,0,0,0,41,0,40,0,0,0,0,0,26,0,0,8,0,24,0,0,0,0,3,38,3,2,0,0,0,0,64,0,72,0,0,0
2024-08-25,55,0,0,0,0,0,38,0,35,18,47,0,0,0,6,0,47,0,0,0,0,0,0,0,0,0,0,0,0,0,0,0,0,60,0,0,0,0,0,0,0,0,0,27,0,0,27,0,0,0,29,0,0,0,0,0,26,0,0,8,0,20,13,0,0,0,3,32,2,3,0,0,0,0,58,0,58,0,0,0
2024-09-01,43,0,0,0,0,0,43,18,24,15,51,0,0,0,8,0,38,0,47,0,0,0,0,0,0,0,0,0,0,0,0,0,0,35,0,0,0,0,0,0,0,0,0,0,0,0,0,0,0,0,28,0,0,0,0,0,23,0,0,7,0,16,0,0,0,0,0,32,0,0,0,0,0,0,48,0,0,100,0,0
2024-09-08,63,0,0,0,0,0,34,0,40,0,61,7,0,7,0,45,47,0,37,0,0,0,0,0,0,0,55,0,0,0,0,0,0,85,0,0,0,0,0,0,0,0,0,52,0,0,55,0,24,0,42,0,0,18,0,0,24,0,0,11,0,29,0,0,0,0,0,32,0,3,0,0,57,0,0,0,53,0,0,0
2024-09-15,57,0,0,0,0,28,46,16,26,19,54,0,0,7,7,55,0,0,0,0,0,0,0,0,0,0,0,0,0,0,0,0,0,37,0,0,0,0,0,0,0,0,0,47,0,0,0,0,0,0,23,12,0,14,0,0,24,0,0,8,0,25,0,0,0,0,0,34,0,3,0,0,0,0,69,0,0,0,0,0
2024-09-22,35,0,0,0,0,0,28,16,26,17,47,0,0,0,0,0,0,0,0,0,0,0,0,0,0,0,0,0,0,0,0,0,0,37,0,0,0,0,0,0,0,0,0,0,0,0,0,0,25,0,23,0,0,0,0,0,17,0,0,8,0,17,0,0,0,0,0,19,3,0,0,0,0,0,0,0,0,0,0,0
2024-09-29,0,0,0,0,0,0,46,0,20,0,46,7,0,0,7,41,0,0,0,0,0,0,0,0,0,0,0,0,0,0,0,0,0,0,0,0,0,0,33,0,0,0,0,34,0,0,0,0,0,0,28,0,0,0,0,0,19,0,0,7,0,17,0,0,0,0,0,15,0,3,0,0,0,0,49,0,0,0,0,0
2024-10-06,0,0,0,0,0,0,49,0,0,0,37,0,0,0,0,0,47,0,0,0,0,0,0,0,0,0,0,0,0,0,0,0,0,35,0,0,0,0,0,0,0,0,0,24,0,0,0,0,0,0,25,0,0,14,0,0,95,5,0,9,0,24,0,0,0,0,0,11,0,2,0,0,0,0,92,0,0,0,0,0
2024-10-13,34,0,0,0,0,15,43,15,16,16,50,0,0,0,0,43,36,0,0,0,0,0,0,0,0,0,60,0,0,0,0,0,0,0,0,0,0,0,31,0,0,0,0,49,0,0,0,0,0,0,26,0,0,0,0,0,28,0,0,6,0,20,0,0,0,0,0,12,0,4,0,0,0,0,60,0,0,0,0,0
2024-10-20,0,0,0,0,0,0,45,0,24,0,49,6,0,0,0,48,0,0,0,0,0,0,0,0,0,0,0,0,0,0,0,0,0,0,0,0,0,0,0,0,0,0,0,48,0,0,25,0,0,0,21,0,0,0,0,0,28,0,0,7,0,22,0,0,0,0,0,100,3,3,0,0,0,0,0,0,0,0,0,0
2024-10-27,0,0,0,0,0,0,35,0,0,26,48,0,0,0,0,43,0,0,0,0,0,0,0,0,0,0,61,0,0,0,0,0,0,0,0,0,0,0,46,0,0,0,0,32,0,0,0,0,0,0,25,0,0,0,0,0,25,0,0,9,0,22,0,0,0,0,0,16,3,3,0,0,0,0,57,0,0,0,0,0
2024-11-03,0,0,0,0,0,0,41,17,17,16,52,12,0,7,10,0,0,0,0,0,0,0,0,0,0,0,57,0,0,0,0,0,0,31,0,0,0,0,57,0,26,0,0,39,0,0,0,0,0,0,19,0,0,0,0,0,27,0,0,9,0,17,12,0,0,0,0,7,4,3,0,0,0,43,0,0,0,0,0,0
2024-11-10,0,0,0,0,0,0,37,0,0,16,62,9,0,0,0,0,0,0,0,0,0,0,0,0,0,0,85,0,0,65,0,0,0,32,0,0,0,0,49,0,0,0,0,43,0,0,27,0,0,0,20,0,0,0,0,0,16,0,0,6,0,26,0,0,0,0,0,7,0,0,0,0,53,0,57,0,0,0,0,0
2024-11-17,0,0,0,0,0,0,42,0,18,0,58,0,0,0,8,0,0,0,0,0,0,0,0,0,0,0,77,0,0,0,0,0,0,0,0,0,0,0,0,0,0,0,0,0,0,0,0,0,0,0,17,0,0,0,0,0,22,0,0,8,0,16,0,0,0,0,0,8,3,3,0,0,0,0,0,0,59,0,0,0
2024-11-24,0,0,0,0,0,0,63,0,0,17,51,6,0,0,0,0,0,0,0,0,0,0,91,0,0,0,0,0,0,0,0,0,0,0,0,0,0,0,0,0,0,0,0,0,0,0,39,0,0,0,21,0,0,0,0,0,21,0,0,6,0,18,0,0,0,0,0,5,0,3,0,0,0,0,0,0,0,0,0,0
2024-12-01,0,0,0,0,0,0,52,16,34,19,47,9,0,0,0,0,0,0,0,0,0,0,0,0,0,0,0,0,0,0,0,0,0,42,0,0,0,0,0,0,0,0,0,40,0,0,0,0,0,0,17,15,0,13,0,0,23,0,0,6,0,25,0,0,0,0,0,5,4,0,0,0,0,0,45,0,0,0,0,0
2024-12-08,0,0,0,0,0,19,49,21,19,0,51,9,0,0,0,45,38,0,0,0,0,0,0,0,0,0,0,0,0,0,0,0,0,48,0,0,0,0,0,0,0,0,0,38,0,0,27,0,0,0,27,14,0,0,0,0,27,0,0,12,0,32,0,0,0,0,0,7,5,3,0,0,0,0,66,0,0,0,0,0
2024-12-15,0,0,0,0,0,0,68,0,18,19,68,0,0,0,0,77,52,0,47,0,0,0,0,0,0,0,0,0,0,0,0,0,0,39,0,0,0,0,54,0,0,0,0,41,0,0,0,0,0,0,24,0,0,0,0,0,29,0,0,9,0,25,0,0,0,3,3,12,3,3,0,0,0,0,64,0,83,0,0,0
2024-12-22,0,0,0,0,0,19,87,0,35,21,95,16,0,8,7,0,54,0,0,0,0,0,0,0,0,0,58,0,0,0,0,0,0,71,0,0,0,0,72,0,0,0,0,68,0,0,37,0,0,34,26,15,0,0,0,0,42,0,0,10,0,33,0,0,0,0,0,12,6,3,0,0,0,0,69,0,0,0,0,0
2024-12-29,33,0,0,0,0,17,81,0,16,18,78,17,0,8,11,0,44,0,41,0,0,0,0,0,0,0,0,0,0,0,0,0,0,66,37,0,0,0,61,0,0,0,0,43,0,0,35,0,0,0,26,12,0,0,0,0,38,4,0,7,0,31,0,0,0,0,3,8,6,3,0,0,46,0,83,0,0,0,0,0
2025-01-05,0,0,0,0,0,16,73,18,35,0,67,18,0,0,13,39,62,0,0,0,0,0,0,0,0,0,0,0,0,0,0,0,0,59,0,0,0,0,65,0,0,0,0,71,0,0,29,0,39,0,28,0,0,0,0,0,23,0,0,7,0,34,0,0,0,0,3,10,6,3,0,0,0,0,90,0,60,0,0,0
2025-01-12,0,0,0,0,29,22,74,0,22,0,83,10,0,0,11,59,51,0,0,0,0,0,0,0,0,0,0,0,0,0,0,0,0,46,0,0,0,0,50,0,0,0,0,56,0,0,0,0,0,0,26,16,0,0,0,0,28,0,0,9,0,32,13,0,0,0,3,8,4,0,0,0,56,0,78,0,0,0,0,0
2025-01-19,0,0,0,0,0,0,66,0,17,21,65,7,0,0,7,0,63,0,0,0,0,0,0,0,0,0,0,0,0,0,0,0,0,0,0,0,0,0,38,0,0,0,0,53,0,0,0,0,0,0,37,0,0,0,0,0,17,6,0,8,0,33,0,0,0,0,0,7,4,3,0,0,0,0,59,0,0,0,0,0
2025-01-26,42,0,0,0,0,0,66,0,0,34,67,6,0,0,11,0,54,0,0,0,0,0,0,0,0,0,52,0,0,0,0,0,0,40,0,0,0,0,58,0,0,0,0,45,0,0,0,0,0,0,26,0,0,0,0,0,15,0,0,8,0,26,0,0,0,0,0,8,6,4,0,0,0,0,69,0,0,0,0,0
2025-02-02,0,0,0,0,0,0,39,0,18,22,100,10,0,9,8,0,65,0,0,0,0,0,0,0,0,0,0,0,0,56,0,0,0,55,0,0,0,0,52,0,0,0,0,41,0,0,35,0,0,0,30,0,0,0,0,0,23,0,0,6,0,30,0,0,0,0,2,9,4,4,0,0,49,0,56,0,0,0,0,0
2025-02-09,0,0,0,0,0,0,60,0,0,18,64,9,0,0,9,0,0,0,0,0,0,0,0,0,0,0,82,0,0,0,0,0,0,39,0,0,0,0,56,0,0,0,0,30,0,0,51,0,0,0,26,0,0,0,0,0,20,0,0,5,0,22,0,0,0,0,3,8,5,3,0,0,0,0,70,0,0,0,0,0
2025-02-16,0,0,0,0,0,0,72,0,17,26,66,10,0,0,10,0,41,0,0,0,0,0,0,0,0,0,0,0,0,0,0,0,0,41,0,0,0,0,66,0,0,0,0,41,0,0,45,0,0,0,19,0,0,0,0,0,16,0,0,6,0,23,0,0,0,0,0,7,3,0,0,0,63,0,66,0,0,0,0,0
2025-02-23,0,0,0,0,31,0,75,0,28,27,66,0,0,7,11,49,39,0,0,0,0,0,0,0,0,0,0,0,0,0,0,0,0,34,0,0,0,0,60,0,0,0,0,0,0,0,0,0,0,0,27,0,0,0,0,0,18,0,0,8,0,25,0,0,0,0,5,6,6,5,0,0,47,0,0,0,0,0,0,0
2025-03-02,0,0,0,0,0,0,74,0,0,21,62,12,0,0,10,0,0,0,0,0,0,0,0,0,0,0,0,0,0,0,0,0,0,72,0,0,0,0,62,0,0,0,0,32,0,0,0,0,0,0,23,0,0,0,0,0,17,0,0,6,0,21,0,0,0,0,0,8,6,3,0,0,0,0,0,0,0,0,0,0
2025-03-09,30,0,0,0,0,0,64,0,19,27,61,10,0,0,9,0,39,0,0,0,0,0,0,0,0,0,0,0,0,0,0,0,0,55,0,0,0,0,61,0,0,0,0,31,0,0,46,0,0,0,18,0,0,0,0,0,17,0,0,7,0,23,0,0,0,0,0,11,4,2,0,0,0,0,47,0,0,0,0,0
2025-03-16,40,0,0,0,31,0,54,0,19,18,58,6,0,0,9,0,0,0,0,0,0,0,0,0,0,0,56,0,0,0,0,0,0,53,34,0,0,0,46,0,0,0,0,41,0,0,37,0,0,0,23,0,0,0,0,0,20,0,0,6,0,19,0,0,0,0,2,9,3,3,0,0,0,0,46,0,0,0,0,0
2025-03-23,0,0,0,0,0,0,59,0,23,33,52,0,0,0,7,0,38,0,0,0,0,0,0,0,0,0,0,0,0,0,0,0,0,32,0,0,0,0,48,0,0,0,0,57,0,0,31,0,0,0,30,0,0,0,0,0,22,0,0,7,0,21,0,0,0,0,0,6,3,0,0,0,50,0,48,0,0,0,0,0
2025-03-30,32,0,0,0,0,0,73,0,40,25,70,11,0,0,8,0,40,0,0,0,0,0,0,0,0,0,0,0,0,0,0,31,0,0,0,0,0,0,51,0,0,0,0,30,0,0,0,0,0,0,19,0,0,0,0,0,23,0,0,7,0,0,0,0,0,0,0,12,6,3,0,0,0,56,0,0,0,0,0,0
2025-04-06,46,0,0,0,0,0,43,0,38,0,52,8,0,0,0,50,0,0,0,0,0,0,0,0,0,0,0,0,0,0,0,0,0,60,0,0,0,0,0,0,0,0,0,61,0,0,0,0,0,0,20,0,0,0,0,0,16,0,0,7,0,26,0,0,0,0,3,13,3,4,0,0,0,0,49,0,0,0,0,0
2025-04-13,48,0,0,0,0,48,63,0,40,43,79,13,0,8,10,67,46,0,43,0,0,0,0,0,0,0,0,0,0,0,0,0,0,100,0,0,0,0,48,0,0,0,39,55,0,0,33,0,0,0,27,17,0,18,0,0,24,0,0,8,0,36,18,0,0,0,0,19,5,0,0,0,0,0,0,0,66,0,0,0
2025-04-20,37,0,0,0,0,0,49,0,28,41,53,8,0,0,6,0,0,0,0,0,0,0,0,0,0,0,0,0,0,0,0,0,0,37,35,0,0,0,0,0,0,0,31,52,0,0,34,0,0,0,24,0,0,0,0,0,19,0,0,6,0,25,0,0,0,0,0,13,0,0,0,0,0,0,49,0,0,0,0,0
2025-04-27,65,0,0,0,0,0,47,0,17,25,49,0,0,0,0,0,0,0,0,0,0,0,0,0,0,0,0,0,0,0,0,0,0,48,0,0,0,0,0,0,0,0,0,32,0,0,0,0,0,0,23,0,0,0,0,0,17,0,0,4,0,23,0,0,0,0,0,16,3,0,0,0,0,0,0,0,0,0,0,0
2025-05-04,47,0,0,0,0,0,24,0,46,27,56,0,0,0,6,41,0,0,0,0,0,0,0,0,0,0,0,0,0,0,0,0,0,67,0,0,0,0,48,0,0,0,0,38,0,0,30,0,0,0,28,15,0,12,12,0,17,0,0,6,0,17,0,0,0,0,0,20,0,3,0,0,0,45,57,0,0,0,0,0
2025-05-11,49,0,0,0,34,21,41,0,37,0,43,7,0,0,0,46,0,0,0,0,0,0,0,0,0,0,0,60,0,0,0,0,0,58,36,0,0,0,0,0,0,0,0,38,0,0,56,0,0,29,27,0,0,0,0,0,23,0,0,11,0,24,0,0,0,0,0,20,0,3,0,0,0,0,0,0,0,0,0,0
2025-05-18,0,0,0,0,0,0,33,0,26,0,39,0,0,0,6,0,0,0,0,0,0,0,0,0,0,0,0,0,0,0,0,0,0,0,0,0,0,0,0,0,0,0,0,0,0,0,0,0,0,0,28,0,0,0,0,0,17,0,0,7,0,10,0,0,0,0,0,23,0,3,0,0,0,0,0,0,0,0,0,0
2025-05-25,38,0,0,0,0,0,0,0,24,0,34,0,0,0,0,0,0,0,0,0,0,0,0,0,0,0,0,0,0,0,0,0,0,0,0,0,0,0,0,0,0,0,0,0,0,0,0,0,0,0,30,0,0,0,0,0,17,0,0,5,0,12,0,0,0,0,0,24,0,3,0,0,0,0,89,0,0,0,0,0
2025-06-01,37,0,0,0,0,0,37,0,28,0,36,0,0,0,0,0,0,0,0,0,0,0,0,0,0,0,0,0,0,0,0,35,0,38,0,0,0,0,49,0,0,0,0,45,0,0,0,0,0,0,40,0,0,0,0,0,15,0,0,5,0,18,10,0,0,0,0,27,3,0,0,0,0,0,48,0,71,0,0,0
2025-06-08,66,0,0,0,0,0,38,0,35,24,44,0,0,0,9,0,0,0,0,0,0,0,0,0,0,0,0,0,0,0,0,0,0,0,0,0,0,0,0,0,0,0,0,37,0,0,0,0,0,0,76,0,0,0,0,0,23,0,0,9,0,21,0,0,0,0,0,32,0,0,0,0,0,0,66,0,59,0,0,0
2025-06-15,46,0,0,0,0,0,22,0,31,0,49,0,0,0,7,0,0,0,0,0,0,0,0,0,0,0,61,0,0,0,0,0,0,0,0,0,0,0,44,0,0,0,0,29,0,0,0,0,0,0,32,0,0,0,0,0,17,0,0,7,0,19,0,0,0,0,0,23,0,2,0,0,0,0,0,0,0,0,0,0
2025-06-22,41,0,0,0,0,0,38,16,0,28,40,0,0,0,0,0,0,37,0,0,0,0,0,0,0,0,0,0,0,0,0,0,0,0,0,0,0,0,0,0,0,0,0,0,0,0,0,0,0,0,21,0,0,0,0,0,18,0,0,7,0,21,0,0,0,0,0,26,0,3,0,0,0,0,0,0,0,0,0,0
2025-06-29,36,0,0,0,0,0,26,0,28,0,51,0,0,0,0,0,0,0,0,0,0,0,0,0,0,0,0,0,0,0,0,0,0,33,0,0,0,0,0,0,0,0,0,29,0,0,0,0,0,0,23,0,0,0,0,0,14,0,0,0,0,19,0,0,0,0,0,30,0,4,0,0,0,0,44,0,49,0,0,0
2025-07-06,73,0,0,0,0,0,43,18,35,0,47,0,0,7,8,0,42,0,0,0,0,0,0,0,0,0,0,0,0,0,0,0,0,32,0,0,0,0,66,0,0,0,0,0,0,0,0,0,0,0,31,0,0,0,0,0,17,0,0,7,0,29,0,0,0,0,0,33,0,4,0,0,0,0,58,0,60,0,0,0
2025-07-13,73,0,0,0,0,0,40,24,28,16,43,0,0,0,6,0,0,0,41,0,0,0,0,0,0,0,0,0,0,0,0,0,0,33,0,0,0,0,50,0,0,0,0,43,0,0,31,0,36,0,20,0,0,0,0,0,18,0,0,5,0,32,0,0,0,0,0,48,0,5,0,0,0,0,0,0,0,0,0,0
2025-07-20,62,0,0,0,0,0,54,18,43,0,61,7,0,0,11,0,84,0,0,0,0,0,0,0,0,0,0,0,0,0,0,0,0,0,0,0,0,0,63,0,0,0,0,38,0,0,31,0,0,0,34,0,0,0,0,0,21,0,0,8,0,27,0,0,0,0,3,50,3,4,0,0,53,0,0,0,54,0,0,0
2025-07-27,65,0,0,0,0,0,58,28,34,32,53,0,0,0,13,0,39,0,0,0,0,0,0,0,0,0,0,0,0,0,0,0,0,63,0,0,0,0,55,0,0,0,0,48,0,0,0,0,0,0,31,0,0,0,0,0,24,0,0,6,9,27,0,0,0,0,0,52,3,3,0,0,0,0,0,0,0,0,0,0
2025-08-03,100,0,0,0,0,0,61,26,52,20,63,0,0,0,11,67,65,0,42,0,0,0,0,0,0,0,63,0,0,0,0,0,0,85,46,0,0,0,83,0,0,0,0,57,0,0,37,0,0,0,40,0,0,0,0,0,22,0,0,7,0,32,0,0,0,0,0,52,2,3,0,0,56,0,49,0,99,0,0,0
2025-08-10,90,0,0,0,0,21,56,23,46,26,70,0,0,7,13,67,54,0,0,0,0,0,0,0,0,0,0,0,0,0,0,0,0,84,0,0,0,0,80,0,0,0,0,57,0,0,39,0,31,0,44,0,0,0,0,0,28,0,0,10,0,39,0,0,0,0,4,53,0,3,0,0,64,0,0,0,72,0,0,0
2025-08-17,78,0,0,0,0,0,58,28,44,19,62,7,0,0,11,0,57,0,0,0,0,0,0,0,0,0,81,0,0,0,0,0,0,37,0,0,0,0,43,0,0,29,0,46,0,0,31,0,0,0,32,0,0,0,0,0,26,0,0,9,0,29,0,0,0,0,0,41,0,4,0,0,0,0,78,0,0,0,0,0
2025-08-24,48,0,0,0,0,0,52,20,26,0,57,0,0,0,0,41,66,42,0,0,0,0,0,0,0,0,69,0,0,0,0,0,0,37,0,0,0,0,42,0,0,0,0,47,0,0,0,0,0,0,29,0,0,0,0,0,23,0,0,9,0,25,0,0,0,0,0,35,3,3,0,0,56,0,49,0,0,0,0,0
2025-08-31,49,0,0,0,0,19,34,30,17,25,51,0,0,0,6,63,72,0,0,0,0,0,0,0,0,0,0,0,0,0,0,0,0,0,0,0,0,0,41,0,0,0,0,58,0,0,35,0,0,39,35,0,0,0,0,5,20,0,0,5,0,28,0,0,0,0,0,30,3,2,0,0,0,0,51,0,0,0,0,0
2025-09-07,60,0,0,0,0,0,44,18,30,18,58,0,0,0,9,0,48,0,49,0,0,0,0,0,0,0,0,0,0,0,0,0,0,0,0,0,0,0,54,0,0,0,0,60,0,0,0,0,0,0,37,0,0,0,0,0,20,0,0,5,0,18,0,0,0,0,2,27,0,2,0,0,0,0,0,0,84,0,0,0
2025-09-14,42,0,0,0,0,0,31,0,26,29,46,7,0,0,12,0,0,0,0,0,0,0,0,0,0,0,0,0,0,0,0,0,0,52,0,0,0,0,0,0,0,0,0,37,0,0,0,0,0,0,26,0,0,0,0,0,16,0,0,7,0,23,0,0,0,0,0,26,0,3,0,0,47,0,0,0,0,0,0,0
2025-09-21,32,0,0,0,0,0,38,0,22,29,43,0,0,0,0,0,0,0,0,0,0,0,0,0,0,0,0,0,0,0,0,0,0,45,0,0,0,0,34,0,0,0,0,40,0,0,0,0,0,0,24,14,0,0,0,0,17,0,0,8,0,22,0,0,0,0,0,20,0,4,0,0,0,0,0,0,0,0,0,0
2025-09-28,49,0,0,0,0,0,39,16,0,17,59,8,0,0,0,40,0,0,0,0,0,0,0,0,0,0,0,0,0,0,0,0,0,38,0,0,0,0,50,0,0,0,0,35,0,0,0,0,0,0,22,0,0,0,0,0,16,0,0,5,0,78,0,0,0,0,0,17,0,4,0,0,0,0,0,0,82,0,0,0
2025-10-05,46,0,0,0,0,0,41,0,28,0,46,0,0,0,7,0,0,0,0,0,0,0,0,0,0,0,0,0,0,0,0,0,0,77,0,0,0,0,42,0,0,0,0,36,0,0,0,0,0,0,22,12,0,13,0,0,21,0,0,6,0,100,0,0,0,0,0,14,3,0,0,0,0,0,0,0,0,0,0,0
2025-10-12,42,0,0,0,0,0,34,0,20,21,51,0,0,0,0,54,0,0,0,0,0,0,0,0,0,0,55,0,0,0,0,0,0,0,0,0,0,0,42,0,0,0,0,0,0,0,38,0,0,0,26,0,0,0,0,0,17,0,0,6,0,87,11,0,0,0,0,12,0,3,0,0,0,0,0,0,0,0,0,0
2025-10-19,31,0,0,0,0,0,62,0,17,26,53,0,0,0,0,53,0,0,0,0,0,0,0,0,0,0,51,0,0,0,0,0,0,0,0,0,0,0,56,0,0,0,0,35,0,0,0,0,0,0,16,0,0,0,0,0,12,0,0,6,0,47,0,0,0,0,0,11,0,0,0,0,0,0,0,0,0,0,0,0
2025-10-26,0,0,0,0,0,0,33,0,17,22,53,0,0,0,0,0,0,0,0,0,0,0,0,0,0,0,70,0,0,0,0,0,0,36,0,0,0,0,40,0,0,0,0,31,0,0,27,0,0,0,23,0,0,12,0,0,17,0,0,0,0,34,0,0,0,0,0,6,0,4,0,68,0,0,0,0,0,0,0,0
2025-11-02,0,0,0,0,0,0,52,0,18,20,54,9,0,0,8,0,0,0,39,0,0,0,0,0,0,0,59,0,0,0,0,0,0,56,0,0,0,0,36,0,0,0,0,29,0,0,29,0,0,0,19,0,0,0,0,0,16,0,0,7,0,20,0,0,0,0,0,9,4,3,0,0,0,0,53,0,0,0,0,0
2025-11-09,0,0,0,0,0,16,49,0,27,18,54,0,0,0,7,0,0,0,0,0,0,0,0,0,0,0,0,0,0,0,0,0,0,41,0,0,0,0,62,0,0,0,0,27,0,0,26,0,0,27,26,0,0,0,0,0,17,0,0,7,0,22,0,0,0,0,0,8,4,3,0,0,64,0,0,0,0,0,0,0
2025-11-16,0,0,0,0,0,0,65,19,0,38,59,17,0,0,0,46,0,0,0,0,0,0,0,0,0,0,0,0,0,0,0,0,0,0,0,0,0,0,39,0,0,0,0,37,0,0,0,0,0,0,28,0,0,0,0,0,22,0,0,7,0,27,0,0,0,0,0,9,4,3,0,0,0,0,50,0,0,0,0,0
2025-11-23,0,0,0,0,0,0,82,0,0,31,55,8,0,0,0,0,46,0,0,0,0,0,0,0,0,0,0,0,0,0,0,0,0,0,0,0,0,0,63,0,0,0,0,0,0,0,41,0,0,0,25,14,0,0,0,0,21,0,0,9,0,16,0,0,0,0,0,7,4,3,0,0,0,0,0,0,62,0,0,0
2025-11-30,4,0,0,0,3,0,66,3,3,2,62,4,0,1,2,0,9,0,6,0,0,0,0,4,0,0,7,0,0,5,0,2,0,6,7,0,0,0,12,0,0,2,0,7,0,0,12,0,0,2,20,4,0,1,0,0,15,0,0,3,0,4,2,0,0,0,0,5,7,1,3,3,9,4,13,0,3,0,0,5
2025-12-07,10,0,0,0,5,2,51,7,10,10,55,8,0,1,5,7,20,3,12,4,4,6,0,4,0,6,16,6,0,13,0,6,0,13,15,4,3,0,37,0,0,4,2,19,2,0,24,0,4,3,18,9,0,3,0,0,17,1,0,9,0,10,3,0,1,0,1,4,3,3,6,4,22,10,35,3,13,0,0,8
2025-12-14,11,0,0,0,5,3,55,11,10,14,56,9,0,2,6,6,28,0,12,4,0,6,0,0,0,7,18,0,0,18,0,3,0,12,16,5,3,0,48,0,0,4,2,18,0,0,25,0,2,4,24,10,0,3,0,0,18,1,0,8,0,12,5,0,0,0,1,5,3,3,7,6,28,11,42,4,16,0,0,7
